SALE TYPE,SOLD DATE,PROPERTY TYPE,ADDRESS,CITY,STATE OR PROVINCE,ZIP OR POSTAL CODE,PRICE,BEDS,BATHS,LOCATION,SQUARE FEET,LOT SIZE,YEAR BUILT,DAYS ON MARKET,$/SQUARE FEET,HOA/MONTH,STATUS,NEXT OPEN HOUSE START TIME,NEXT OPEN HOUSE END TIME,URL (SEE http://www.redfin.com/buy-a-home/comparative-market-analysis FOR INFO ON PRICING),SOURCE,MLS#,FAVORITE,INTERESTED,LATITUDE,LONGITUDE
MLS Listing,,Single Family Residential,11447 Brandow St,Oregon City,OR,97045,595000,4,3.0,"Oregon City, Beavercreek, Canby, Molalla, Mulino",2621,10454,1999,1,227,,Active,,,http://www.redfin.com/OR/Oregon-City/11447-Brandow-St-97045/home/26025246,RMLS,20418593,N,Y,45.3288521,-122.6315998
MLS Listing,,Townhouse,6726 SW Canyon Ter,Portland,OR,97225,475000,2,2.5,"Portland West, Raleigh Hills",1714,2613,2000,1,277,,Active,August-22-2020 11:00 AM,August-22-2020 01:00 PM,http://www.redfin.com/OR/Portland/6726-SW-Canyon-Ter-97225/home/26721399,RMLS,20430438,N,Y,45.504376,-122.746032
MLS Listing,,Single Family Residential,20414 Highway 213,Oregon City,OR,97045,450000,3,2.0,"Oregon City, Beavercreek, Canby, Molalla, Mulino",2842,43995,1946,1,158,,Active,,,http://www.redfin.com/OR/Oregon-City/20414-OR-213-97045/home/25931691,RMLS,20479232,N,Y,45.3112655,-122.5697029
MLS Listing,,Townhouse,7833 SW Alder St,Tigard,OR,97224,419900,3,2.5,"Tigard, Tualatin, Sherwood, Wilsonville",2021,3049,2005,1,208,259,Active,,,http://www.redfin.com/OR/Tigard/7833-SW-Alder-St-97224/home/26728981,RMLS,20276691,N,Y,45.404892,-122.7575692
MLS Listing,,Single Family Residential,6393 SE Yamhill St,Portland,OR,97215,1295000,4,3.0,Mt Tabor,4426,14810,1971,3,293,,Active,,,http://www.redfin.com/OR/Portland/6393-SE-Yamhill-St-97215/home/25761661,RMLS,20344443,N,Y,45.5165624,-122.5982564
MLS Listing,,Single Family Residential,12215 SW Douglas St,Portland,OR,97225,450000,3,2.0,CEDAR HILLS,2179,10018,1948,4,207,,Active,,,http://www.redfin.com/OR/Portland/12215-SW-Douglas-St-97225/home/26727851,RMLS,20093239,N,Y,45.5045597,-122.8024977
MLS Listing,,Single Family Residential,2987 NE Lange Ct,Hillsboro,OR,97124,405000,3,2.5,Jones Farm,1678,3049,2000,5,241,81,Active,,,http://www.redfin.com/OR/Hillsboro/2987-NE-Lange-Ct-97124/home/25761546,RMLS,20182649,N,Y,45.5459938,-122.9691314
MLS Listing,,Multi-Family (2-4 Unit),"227 SE 30th A, B Pl",Portland,OR,97214,1025000,4,5.0,Laurelhurst,3148,,2016,6,326,,Active,,,http://www.redfin.com/OR/Portland/227-SE-30th-Pl-97214/unit-A/home/105487418,RMLS,20265128,N,Y,45.520985,-122.634125
MLS Listing,,Single Family Residential,7012 NE Skidmore St,Portland,OR,97218,470000,3,2.0,Portland Northeast,1730,4791,1944,6,272,,Active,,,http://www.redfin.com/OR/Portland/7012-NE-Skidmore-St-97218/home/25814217,RMLS,20264534,N,Y,45.553705,-122.5909292
MLS Listing,,Single Family Residential,12424 SE 71st Ave,Milwaukie,OR,97222,349900,3,1.0,LINWOOD,956,9147,1972,6,366,,Active,,,http://www.redfin.com/OR/Milwaukie/12424-SE-71st-Ave-97222/home/25982604,RMLS,20633806,N,Y,45.4329824,-122.5899028
MLS Listing,,Condo/Co-op,10781 NE Red Wing Way #102,Hillsboro,OR,97006,199900,1,1.0,HERON CREEK,789,,2007,6,253,325,Active,,,http://www.redfin.com/OR/Hillsboro/10781-NE-Red-Wing-Way-97006/unit-102/home/26732613,RMLS,20687621,N,Y,45.5201551,-122.8686842
MLS Listing,,Single Family Residential,6451 NE Killingsworth Ct,Portland,OR,97218,315000,2,1.0,CULLY,966,2178,2009,6,326,45,Active,,,http://www.redfin.com/OR/Portland/6451-NE-Killingsworth-Ct-97218/home/25817633,RMLS,20031935,N,Y,45.5622945,-122.597237
MLS Listing,,Single Family Residential,15343 NW Nightshade Dr,Portland,OR,97229,399900,3,2.5,NW Washington Co or Sauvie Island,1480,2613,1998,9,270,8,Active,,,http://www.redfin.com/OR/Portland/15343-NW-Nightshade-Dr-97229/home/25834141,RMLS,20546176,N,Y,45.5664885,-122.8349111
MLS Listing,,Single Family Residential,5075 SE Reedway St,Portland,OR,97206,595000,3,2.5,WOODSTOCK AREA,1868,2613,2015,12,319,,Active,,,http://www.redfin.com/OR/Portland/5075-SE-Reedway-St-97206/home/26304531,RMLS,20503428,N,Y,45.4814595,-122.60996
MLS Listing,,Townhouse,6548 NE Rosebay Dr,Hillsboro,OR,97124,499900,2,3.5,"Hillsboro, Forest Grove",2041,1306,2003,13,245,260,Active,August-22-2020 02:00 PM,August-22-2020 04:00 PM,http://www.redfin.com/OR/Hillsboro/6548-NE-Rosebay-Dr-97124/home/26707966,RMLS,20634191,N,Y,45.536969,-122.912324
MLS Listing,,Single Family Residential,227 SE 30th Pl Unit A & B,Portland,OR,97214,1025000,4,4.5,LAURELHURST,3148,2613,2016,13,326,,Active,,,http://www.redfin.com/OR/Portland/227-SE-30th-Pl-97214/unit-A-B/home/172669782,RMLS,20292966,N,Y,45.5209611,-122.6341929
MLS Listing,,Condo/Co-op,1420 NW Lovejoy St #201,Portland,OR,97209,364990,1,1.0,Marshall Wells Lofts,831,,1910,14,439,441,Active,,,http://www.redfin.com/OR/Portland/1420-NW-Lovejoy-St-97209/unit-201/home/26372212,RMLS,20059377,N,Y,45.5299022,-122.6862342
MLS Listing,,Single Family Residential,7053 NW Snowdrop Ter,Portland,OR,97229,500000,4,2.5,NW Washington Co or Sauvie Island,1764,3049,2016,14,283,,Active,,,http://www.redfin.com/OR/Portland/7053-NW-Ashbrook-Dr-97229/home/112776074,RMLS,20557744,N,Y,45.570628,-122.830794
MLS Listing,,Single Family Residential,14080 SW Derby St,Beaverton,OR,97005,415000,3,2.0,CEDAR HILLS,1152,7840,1960,19,360,,Active,,,http://www.redfin.com/OR/Beaverton/14080-SW-Derby-St-97005/home/26699517,RMLS,20586397,N,Y,45.5082004,-122.8216967
MLS Listing,,Single Family Residential,7315 SE 66th Ave,Portland,OR,97206,549000,4,2.5,BRENTWOOD-DARLINGTON,2448,4791,2017,19,224,,Active,August-23-2020 11:00 AM,August-23-2020 01:00 PM,http://www.redfin.com/OR/Portland/7315-SE-66th-Ave-97206/home/26440124,RMLS,20300542,N,Y,45.4701777,-122.595458
MLS Listing,,Single Family Residential,1805 NE 55th Ave,Portland,OR,97213,675000,3,2.0,Portland Northeast,2769,4791,1930,19,244,,Active,,,http://www.redfin.com/OR/Portland/1805-NE-55th-Ave-97213/home/26589852,RMLS,20593049,N,Y,45.5358064,-122.6070977
MLS Listing,,Single Family Residential,1243 SW Napoleon Pl,Troutdale,OR,97060,430000,5,3.0,"Gresham, Sandy, Troutdale, Corbett",1916,7405,1995,19,224,15,Active,,,http://www.redfin.com/OR/Troutdale/1243-SW-Napoleon-Pl-97060/home/26500484,RMLS,20103676,N,Y,45.5326246,-122.406703
MLS Listing,,Condo/Co-op,6621 N Columbia Way #4,Portland,OR,97203,269900,3,1.5,Portland North,1017,,1999,20,265,300,Active,,,http://www.redfin.com/OR/Portland/6621-N-Columbia-Way-97203/unit-4/home/26577015,RMLS,20689094,N,Y,45.5935755,-122.7309442
MLS Listing,,Townhouse,6917 N Newcastle Ave,Portland,OR,97217,549000,3,2.5,ARBOR LODGE,2304,2613,2010,20,238,,Active,August-22-2020 12:00 PM,August-22-2020 02:00 PM,http://www.redfin.com/OR/Portland/6917-N-Newcastle-Ave-97217/home/25838891,RMLS,20376350,N,Y,45.5727953,-122.6901664
MLS Listing,,Condo/Co-op,1926 W Burnside St #1108,Portland,OR,97209,315000,1,1.0,"Portland West, Raleigh Hills",718,,2006,26,439,306,Active,,,http://www.redfin.com/OR/Portland/1926-W-Burnside-St-97209/unit-1108/home/25742860,RMLS,20249854,N,Y,45.5228316,-122.6908851
MLS Listing,,Condo/Co-op,770 NW 185th Ave #202,Beaverton,OR,97006,250000,2,2.0,"Beaverton, Aloha",992,,2007,26,252,225,Active,,,http://www.redfin.com/OR/Beaverton/770-NW-185th-Ave-97006/unit-202/home/26650051,RMLS,20174467,N,Y,45.5250112,-122.8670868
MLS Listing,,Single Family Residential,11390 NW Odeon Ln,Portland,OR,97229,664900,3,2.5,Iron Ridge Park II,2803,4356,2014,27,237,30,Active,,,http://www.redfin.com/OR/Portland/11390-NW-Odeon-Ln-97229/home/56335592,RMLS,20100810,N,Y,45.5367253,-122.7936916
MLS Listing,,Condo/Co-op,1500 SW Skyline Blvd #19,Portland,OR,97221,249900,2,2.0,SYLVAN HIGHLANDS,1152,,1966,27,217,474,Active,,,http://www.redfin.com/OR/Portland/1500-SW-Skyline-Blvd-97221/unit-19/home/164548076,RMLS,20056055,N,Y,45.5120681,-122.7315935
MLS Listing,,Single Family Residential,9025 SW Trigger Ct,Beaverton,OR,97008,360000,3,2.0,"Beaverton, Aloha",1527,7405,1986,27,236,,Active,,,http://www.redfin.com/OR/Beaverton/9025-SW-Trigger-Ct-97008/home/26654483,RMLS,20405530,N,Y,45.4545456,-122.8121761
MLS Listing,,Townhouse,2215 SE Trolley Line Ln,Milwaukie,OR,97267,392000,4,2.5,"Milwaukie, Gladstone, Happy Valley, Clckmas, Dmscus, Estacada",1628,3484,2012,27,241,,Active,,,http://www.redfin.com/OR/Milwaukie/2215-SE-Trolley-Line-Ln-97267/home/40268588,RMLS,20030941,N,Y,45.4154849,-122.6409212
MLS Listing,,Single Family Residential,151 Kingsgate Rd,Lake Oswego,OR,97035,499999,2,2.0,"Lake Oswego, West Linn",1585,4791,1981,33,315,88,Active,,,http://www.redfin.com/OR/Lake-Oswego/151-Kingsgate-Rd-97035/home/26049304,RMLS,20226707,N,Y,45.4324396,-122.7293081
MLS Listing,,Single Family Residential,9918 SW 32nd Ave,Portland,OR,97219,662222,5,3.0,"Portland West, Raleigh Hills",3511,9583,1967,33,189,,Active,,,http://www.redfin.com/OR/Portland/9918-SW-32nd-Ave-97219/home/26310598,RMLS,20402191,N,Y,45.4535655,-122.7094067
MLS Listing,,Single Family Residential,8416 SE 146th Pl,Portland,OR,97236,564900,5,3.5,Portland Southeast,3954,7405,2007,33,143,38,Active,,,http://www.redfin.com/OR/Portland/8416-SE-146th-Pl-97236/home/25749993,RMLS,20504545,N,Y,45.4623816,-122.5121657
MLS Listing,,Condo/Co-op,151 NE 80th Ave,Hillsboro,OR,97006,369999,3,3.5,"Hillsboro, Forest Grove",1673,,2016,34,221,220,Active,,,http://www.redfin.com/OR/Hillsboro/151-NE-80th-Ave-97006/home/144693811,RMLS,20014300,N,Y,45.517705,-122.897703
MLS Listing,,Condo/Co-op,8708 NE Delamere Way,Hillsboro,OR,97006,220000,2,1.0,"Hillsboro, Forest Grove",710,,2010,41,310,280,Active,,,http://www.redfin.com/OR/Hillsboro/NE-Delamere-Way-97006/home/28463582,RMLS,20174223,N,Y,45.52407,-122.890084
MLS Listing,,Single Family Residential,7629 SW Hood Ave,Portland,OR,97219,880000,3,3.0,FULTON PARK/JOHN'S LANDING,2456,5227,1990,47,358,,Active,,,http://www.redfin.com/OR/Portland/7629-S-Hood-Ave-97219/home/25760392,RMLS,20098533,N,Y,45.4687321,-122.6746752
MLS Listing,,Single Family Residential,9517 SW 53rd Ave,Portland,OR,97219,464900,4,2.5,"Portland West, Raleigh Hills",1813,4791,1990,48,256,,Active,,,http://www.redfin.com/OR/Portland/9517-SW-53rd-Ave-97219/home/26513065,RMLS,20637898,N,Y,45.4565528,-122.7316747
MLS Listing,,Multi-Family (2-4 Unit),3321 SW 126th Ave,Beaverton,OR,97005,646450,8,4.0,"Beaverton, Aloha",3244,,1969,53,199,,Active,,,http://www.redfin.com/OR/Beaverton/3321-SW-126th-Ave-97005/home/25889870,RMLS,20241636,N,Y,45.496182,-122.806912
MLS Listing,,Single Family Residential,11014 S Aventine Ave,Portland,OR,97219,975000,4,3.0,DUNTHORPE,2964,12632,1941,54,329,,Active,,,http://www.redfin.com/OR/Portland/11014-S-Aventine-Ave-97219/home/26616957,RMLS,20260140,N,Y,45.445802,-122.663957
MLS Listing,,Condo/Co-op,3601 SW River Pkwy #1700,Portland,OR,97239,449000,2,1.0,"Portland West, Raleigh Hills",1207,,2006,54,372,615,Active,,,http://www.redfin.com/OR/Portland/3601-S-River-Pkwy-97239/unit-1700/home/26387293,RMLS,20520432,N,Y,45.4969581,-122.6703612
MLS Listing,,Condo/Co-op,104 Oswego Smt,Lake Oswego,OR,97035,195000,1,1.0,"Lake Oswego, West Linn",943,,1978,56,207,302,Active,,,http://www.redfin.com/OR/Lake-Oswego/104-Oswego-Smt-97035/home/26461202,RMLS,20007157,N,Y,45.4357491,-122.7141766
MLS Listing,,Condo/Co-op,303 NW Uptown Ter Unit 1A,Portland,OR,97210,329000,1,1.0,Hillside,637,,1990,64,516,233,Active,,,http://www.redfin.com/OR/Portland/303-NW-Uptown-Ter-97210/unit-1A/home/26566101,RMLS,20447102,N,Y,45.5248763,-122.7022584
MLS Listing,,Condo/Co-op,7165 SW Sagert St,Tualatin,OR,97062,260000,2,2.5,"Tigard, Tualatin, Sherwood, Wilsonville",1129,,1996,65,230,396,Active,,,http://www.redfin.com/OR/Tualatin/7165-SW-Sagert-St-97062/unit-102/home/26698088,RMLS,20514033,N,Y,45.3793562,-122.7515084
MLS Listing,,Single Family Residential,9599 SW Anna Belle Ct,Tigard,OR,97223,495000,4,3.5,Ashcreek Village,2098,2613,2018,68,236,89,Active,,,http://www.redfin.com/OR/Tigard/9599-SW-Anna-Belle-Ct-97223/home/160808521,RMLS,20693506,N,Y,45.441219,-122.775363
MLS Listing,,Condo/Co-op,770 NW 185th Ave #205,Beaverton,OR,97006,210000,2,1.0,"Beaverton, Aloha",864,,2007,83,243,225,Active,,,http://www.redfin.com/OR/Beaverton/770-NW-185th-Ave-97006/unit-205/home/144932539,RMLS,20586960,N,Y,45.525066,-122.866958
MLS Listing,,Single Family Residential,16570 SE Anna Eve Dr,Milwaukie,OR,97267,599995,5,2.5,"Milwaukie, Gladstone, Happy Valley, Clckmas, Dmscus, Estacada",2911,8276,2003,90,206,25,Active,,,http://www.redfin.com/OR/Milwaukie/16570-SE-Anna-Eve-Dr-97267/home/26047825,RMLS,20697036,N,Y,45.4020914,-122.6015402
MLS Listing,,Single Family Residential,1822 SE 77th Ave,Portland,OR,97215,399900,3,1.0,Portland Southeast,1149,6969,1950,96,348,,Active,,,http://www.redfin.com/OR/Portland/1822-SE-77th-Ave-97215/home/26298216,RMLS,20112205,N,Y,45.5097814,-122.5834958
MLS Listing,,Townhouse,3410 SE Northwood Way,Hillsboro,OR,97123,350000,4,3.5,"Hillsboro, Forest Grove",1856,1306,2006,1,189,177,Active,,,http://www.redfin.com/OR/Hillsboro/3410-SE-Northwood-Way-97123/home/26729282,RMLS,20029420,N,Y,45.4956074,-122.9332708
MLS Listing,,Condo/Co-op,10509 SE Crystal Lake Ln,Milwaukie,OR,97222,340000,2,2.0,Woodvilla / Milwaukie,1751,,1975,1,194,250,Active,,,http://www.redfin.com/OR/Milwaukie/10509-SE-Crystal-Lake-Ln-97222/home/26003285,RMLS,20659160,N,Y,45.4469009,-122.6350338
MLS Listing,,Mobile/Manufactured Home,8300 NE Quatama St #154,Hillsboro,OR,97006,159000,3,2.0,"Beaverton, Aloha",1568,,1993,1,101,,Active,,,http://www.redfin.com/OR/Hillsboro/8300-NE-Quatama-St-97124/unit-154/home/26647155,RMLS,20666439,N,Y,45.5230414,-122.8944393
MLS Listing,,Single Family Residential,13775 SW Devonshire Dr,Beaverton,OR,97005,440000,5,2.0,Cedar Hills,2079,10018,1961,1,212,,Active,August-22-2020 01:00 PM,August-22-2020 03:00 PM,http://www.redfin.com/OR/Beaverton/13775-SW-Devonshire-Dr-97005/home/26672808,RMLS,20083766,N,Y,45.5090491,-122.8188094
MLS Listing,,Single Family Residential,12225 NW Fernleaf Ln Unit L120,Portland,OR,97229,1394995,5,4.0,THOMPSON WOODS,4243,5227,2019,1,329,87,Active,,,http://www.redfin.com/OR/Portland/12225-NW-Fernleaf-Ln-97229/unit-L120/home/172779688,RMLS,20500952,N,Y,45.55127,-122.802349
MLS Listing,,Single Family Residential,8511 SE Hinkley Ave,Happy Valley,OR,97086,385000,3,2.0,"Milwaukie, Gladstone, Happy Valley, Clckmas, Dmscus, Estacada",1335,6098,1945,1,288,,Active,,,http://www.redfin.com/OR/Happy-Valley/8511-SE-Hinkley-Ave-97086/home/143107764,RMLS,20221103,N,Y,45.4577629,-122.5759969
MLS Listing,,Single Family Residential,14552 SE 155th Dr,Clackamas,OR,97015,499900,4,2.5,"Milwaukie, Gladstone, Happy Valley, Clckmas, Dmscus, Estacada",2185,4356,2011,1,229,,Active,,,http://www.redfin.com/OR/Clackamas/14552-SE-155th-Dr-97015/home/25808080,RMLS,20582282,N,Y,45.4173797,-122.5030667
MLS Listing,,Single Family Residential,6013 SW 36th Ave,Portland,OR,97221,965000,4,3.0,HAYHURST,3421,14374,1978,1,282,,Active,,,http://www.redfin.com/OR/Portland/6013-SW-36th-Ave-97221/home/26301543,RMLS,20152520,N,Y,45.4804689,-122.7146222
MLS Listing,,Single Family Residential,3000 SW 176th Ave,Beaverton,OR,97003,359000,2,2.0,Howe addition,1025,3049,2007,1,350,,Active,,,http://www.redfin.com/OR/Beaverton/3000-SW-176th-Ave-97006/home/170145301,RMLS,20394018,N,Y,45.4981298,-122.8587699
MLS Listing,,Single Family Residential,7340 SE Del Rio Ct,Hillsboro,OR,97123,469900,3,3.0,"Hillsboro, Forest Grove",1730,6098,1990,1,272,,Active,August-23-2020 01:00 PM,August-23-2020 03:00 PM,http://www.redfin.com/OR/Hillsboro/7340-SE-Del-Rio-Ct-97123/home/26607973,RMLS,20056789,N,Y,45.5041799,-122.9062441
MLS Listing,,Townhouse,12882 NW Clement Ln,Portland,OR,97229,335000,2,2.0,CEDAR MILL,1427,1306,2007,1,235,200,Active,,,http://www.redfin.com/OR/Portland/12882-NW-Clement-Ln-97229/home/25780626,RMLS,20430959,N,Y,45.52365,-122.8094851
MLS Listing,,Single Family Residential,2025 SE 170th Ave,Portland,OR,97233,295000,2,1.0,Portland Southeast,960,6969,1953,1,307,,Active,,,http://www.redfin.com/OR/Portland/2025-SE-170th-Ave-97233/home/25789310,RMLS,20451884,N,Y,45.5078241,-122.488217
MLS Listing,,Single Family Residential,3878 SE 67th Ave,Hillsboro,OR,97123,559900,4,2.5,"Hillsboro, Forest Grove",2405,,2020,1,233,97,Active,,,http://www.redfin.com/OR/Hillsboro/3878-SE-67th-AVE-97123/home/172778640,RMLS,20503823,N,Y,45.491737,-122.912153
MLS Listing,,Condo/Co-op,17181 SW Snowdale St #202,Beaverton,OR,97007,254990,2,2.0,VERIDIAN AT RIVER TERRACE,922,,2018,1,277,222,Active,,,http://www.redfin.com/OR/Beaverton/17181-SW-Snowdale-St-97007/unit-202/home/172778419,RMLS,20565962,N,Y,45.4240607,-122.8526797
MLS Listing,,Single Family Residential,3894 SE 67th Ave,Hillsboro,OR,97123,549900,4,2.5,"Hillsboro, Forest Grove",2313,,2020,1,238,97,Active,,,http://www.redfin.com/OR/Hillsboro/3894-SE-67th-AVE-97123/home/172778339,RMLS,20179052,N,Y,45.49163,-122.912147
MLS Listing,,Single Family Residential,3862 SE 67th Ave,Hillsboro,OR,97123,559900,4,2.5,"Hillsboro, Forest Grove",2313,,2020,1,242,97,Active,,,http://www.redfin.com/OR/Hillsboro/3862-SE-67th-AVE-97123/home/172778337,RMLS,20008639,N,Y,45.491747,-122.912204
MLS Listing,,Single Family Residential,3172 NE 72nd Ave,Portland,OR,97213,365800,2,1.0,GREGORY HEIGHTS,1366,4791,1914,1,268,,Active,,,http://www.redfin.com/OR/Portland/3172-NE-72nd-Ave-97213/home/26488269,RMLS,20535614,N,Y,45.5455836,-122.5886929
MLS Listing,,Single Family Residential,1533 NE 64th Ave,Hillsboro,OR,97124,599900,2,2.5,"Hillsboro, Forest Grove",1759,3920,2000,1,341,115,Active,,,http://www.redfin.com/OR/Hillsboro/1533-NE-64th-Ave-97124/home/26640860,RMLS,20648033,N,Y,45.5358001,-122.9147574
MLS Listing,,Single Family Residential,14934 SE Covington Rd,Clackamas,OR,97015,429900,4,2.5,Addington Place,1848,5662,1997,1,233,25,Active,August-22-2020 11:00 AM,August-22-2020 02:00 PM,http://www.redfin.com/OR/Clackamas/14934-SE-Covington-Rd-97015/home/26071287,RMLS,20616479,N,Y,45.4157715,-122.5100433
MLS Listing,,Single Family Residential,13120 SW 165th Ave,Beaverton,OR,97007,650990,4,2.5,"Beaverton, Aloha",2594,,2020,1,251,89,Active,,,http://www.redfin.com/OR/BEAVERTON/13120-SW-165TH-AVE-97007/home/144694285,RMLS,20179512,N,Y,45.424966,-122.846833
MLS Listing,,Townhouse,3544 SE 72nd Ave,Portland,OR,97206,450000,3,1.0,FOSTER-POWELL,1265,6098,1942,1,356,,Active,,,http://www.redfin.com/OR/Portland/3544-SE-72nd-Ave-97206/unit-A/home/26539605,RMLS,20472312,N,Y,45.4965591,-122.5888674
MLS Listing,,Single Family Residential,5946 SE Kelly St,Portland,OR,97206,410000,3,1.0,SOUTH TABOR,1254,5662,1950,1,327,,Active,,,http://www.redfin.com/OR/Portland/5946-SE-Kelly-St-97206/home/26336072,RMLS,20501485,N,Y,45.4994154,-122.600802
MLS Listing,,Single Family Residential,12740 SW Trigger Dr,Beaverton,OR,97008,430000,3,2.0,"Beaverton, Aloha",1535,8276,1981,1,280,,Active,August-22-2020 12:00 PM,August-22-2020 04:00 PM,http://www.redfin.com/OR/Beaverton/12740-SW-Trigger-Dr-97008/home/26595109,RMLS,20606187,N,Y,45.4532672,-122.8081133
MLS Listing,,Single Family Residential,2148 Summit Dr,Lake Oswego,OR,97034,1295000,5,2.5,Summit,3883,27878,1920,1,334,,Active,,,http://www.redfin.com/OR/Lake-Oswego/2148-Summit-Dr-97034/home/25944096,RMLS,20142743,N,Y,45.4114481,-122.7021946
MLS Listing,,Condo/Co-op,4674 SW Comus Pl Unit 2-C,Portland,OR,97219,225000,2,2.0,WEST PORTLAND PARK,998,,1979,1,225,370,Active,,,http://www.redfin.com/OR/Portland/4674-SW-Comus-Pl-97219/unit-2-C/home/26636910,RMLS,20189795,N,Y,45.4464545,-122.7247757
MLS Listing,,Single Family Residential,8615 SW Monticello St,Beaverton,OR,97008,449900,3,2.0,"Beaverton, Aloha",1408,7405,1982,1,320,,Active,,,http://www.redfin.com/OR/Beaverton/8615-SW-Monticello-St-97008/home/26737523,RMLS,20395611,N,Y,45.4574793,-122.811486
MLS Listing,,Townhouse,14125 NW Germantown Rd,Portland,OR,97231,3900000,5,5.5,"Portland West, Raleigh Hills",13000,278784,2013,1,300,,Active,,,http://www.redfin.com/OR/Portland/14125-NW-Germantown-Rd-97231/home/26452026,RMLS,20363632,N,Y,45.587185,-122.822663
MLS Listing,,Single Family Residential,8433 SE 21st Ave,Portland,OR,97202,425000,2,1.0,SELLWOOD,1440,3049,1927,1,295,,Active,,,http://www.redfin.com/OR/Portland/8433-SE-21st-Ave-97202/home/109514530,RMLS,20193516,N,Y,45.4616224,-122.6433245
MLS Listing,,Single Family Residential,12011 SW Lausanne St,Wilsonville,OR,97070,475000,3,2.5,"Tigard, Tualatin, Sherwood, Wilsonville",1993,3049,2007,1,238,194,Active,,,http://www.redfin.com/OR/Wilsonville/12011-SW-Lausanne-St-97070/home/25774055,RMLS,20016159,N,Y,45.3095436,-122.7997849
MLS Listing,,Condo/Co-op,4422 SW Dickinson St #44,Portland,OR,97219,169000,1,1.0,FRANCISCAN CONDOMINIUM,664,,1973,1,255,485,Active,,,http://www.redfin.com/OR/Portland/4422-SW-Dickinson-St-97219/unit-44/home/26460200,RMLS,20386404,N,Y,45.4468657,-122.7227832
MLS Listing,,Single Family Residential,14507 NW Werner Ln,Portland,OR,97229,509900,3,2.0,BETHANY,1653,8276,2002,1,308,,Active,,,http://www.redfin.com/OR/Portland/14507-NW-Werner-Ln-97229/home/25858153,RMLS,20686313,N,Y,45.5556607,-122.8265087
MLS Listing,,Single Family Residential,19899 SW Celebrity St,Beaverton,OR,97078,405000,3,2.0,Aloha/Beaverton,1515,6534,1994,1,267,,Active,,,http://www.redfin.com/OR/Beaverton/19899-SW-Celebrity-St-97007/home/26665741,RMLS,20297246,N,Y,45.4822128,-122.8824509
MLS Listing,,Single Family Residential,560 NW Forest St,Hillsboro,OR,97124,395000,3,2.5,WEST HILLSBORO,1606,4791,2003,1,246,,Active,,,http://www.redfin.com/OR/Hillsboro/560-NW-Forest-St-97124/home/26597426,RMLS,20481081,N,Y,45.5284672,-122.9968317
MLS Listing,,Townhouse,15497 SE Cobalt Loop,Damascus,OR,97089,335000,3,2.5,"Milwaukie, Gladstone, Happy Valley, Clckmas, Dmscus, Estacada",1665,1742,2016,1,201,205,Active,,,http://www.redfin.com/OR/Damascus/15497-SE-Cobalt-Loop-97089/home/110145703,RMLS,20243133,N,Y,45.4061734,-122.5031574
MLS Listing,,Single Family Residential,5327 SE Morrison St,Portland,OR,97215,689000,4,2.0,Mt. Tabor,2982,4791,1929,1,231,,Active,August-22-2020 09:00 AM,August-22-2020 02:00 PM,http://www.redfin.com/OR/Portland/5327-SE-Morrison-St-97215/home/25860011,RMLS,20601905,N,Y,45.5176492,-122.6082167
MLS Listing,,Condo/Co-op,6220 SE Apollo Way,Hillsboro,OR,97123,232500,2,2.5,"Hillsboro, Forest Grove",998,,1996,1,233,436,Active,,,http://www.redfin.com/OR/Hillsboro/6220-SE-Apollo-Way-97123/home/26663045,RMLS,20485163,N,Y,45.501916,-122.918968
MLS Listing,,Single Family Residential,28785 SE Eagle Creek Rd,Estacada,OR,97023,749000,3,2.0,"Milwaukie, Gladstone, Happy Valley, Clckmas, Dmscus, Estacada",2140,411641,1925,1,350,,Active,,,http://www.redfin.com/OR/Estacada/28785-SE-Eagle-Creek-Rd-97023/home/165848175,RMLS,20088022,N,Y,45.314523,-122.344505
MLS Listing,,Single Family Residential,8433 NE Hassalo St,Portland,OR,97220,299900,2,2.0,MONTAVILLA,1444,5662,1928,1,208,,Active,,,http://www.redfin.com/OR/Portland/8433-NE-Hassalo-St-97220/home/25824237,RMLS,20594884,N,Y,45.5311639,-122.575571
MLS Listing,,Single Family Residential,5330 SE Hill Rd,Milwaukie,OR,97267,575000,5,2.0,"Milwaukie, Gladstone, Happy Valley, Clckmas, Dmscus, Estacada",2964,16552,1956,1,194,,Active,,,http://www.redfin.com/OR/Milwaukie/5330-SE-Hill-Rd-97267/home/25980760,RMLS,20289988,N,Y,45.4154298,-122.6080093
MLS Listing,,Single Family Residential,4510 SE Mitchell St,Portland,OR,97206,315000,1,1.0,WOODSTOCK,647,4791,1948,1,487,,Active,,,http://www.redfin.com/OR/Portland/4510-SE-Mitchell-St-97206/home/25760523,RMLS,20355558,N,Y,45.4854847,-122.6159281
MLS Listing,,Condo/Co-op,2709 SW 2nd Ave #101,Portland,OR,97201,309900,2,1.0,LAIR HILL/JOHNS LANDING,940,,1996,1,330,233,Active,August-23-2020 01:00 PM,August-23-2020 04:00 PM,http://www.redfin.com/OR/Portland/2709-SW-2nd-Ave-97201/unit-101/home/26601801,RMLS,20109743,N,Y,45.5035015,-122.6800727
MLS Listing,,Single Family Residential,525 NW 18th Ave,Portland,OR,97209,1495000,8,4.0,NOB HILL,2869,4791,1979,1,521,,Active,,,http://www.redfin.com/OR/Portland/525-NW-18th-Ave-97209/unit-529/home/26448113,RMLS,20470084,N,Y,45.526812,-122.6896762
MLS Listing,,Single Family Residential,5620 NE 31st Ave,Portland,OR,97211,634900,4,2.0,Concordia,2474,4791,1920,1,257,,Active,August-23-2020 01:00 PM,August-23-2020 03:00 PM,http://www.redfin.com/OR/Portland/5620-NE-31st-Ave-97211/home/25848142,RMLS,20341174,N,Y,45.563613,-122.6336047
MLS Listing,,Single Family Residential,5530 SW 197th Ave,Aloha,OR,97078,449900,3,2.0,"Beaverton, Aloha",2106,13068,1968,1,214,,Active,,,http://www.redfin.com/OR/Aloha/5530-SW-197th-Ave-97007/home/26588446,RMLS,20607171,N,Y,45.4799172,-122.880265
MLS Listing,,Townhouse,15817 SW Village Cir,Beaverton,OR,97007,300000,2,1.0,Four Seasons,997,5662,1973,1,301,40,Active,,,http://www.redfin.com/OR/Beaverton/15817-SW-Village-Cir-97007/home/26693230,RMLS,20040319,N,Y,45.4779709,-122.840091
MLS Listing,,Single Family Residential,4820 NE Roselawn St,Portland,OR,97218,699900,4,3.0,CULLY ASSOCIATION OF NEIGHBORS,3439,16552,1955,1,204,,Active,,,http://www.redfin.com/OR/Portland/4820-NE-Roselawn-St-97218/home/26331002,RMLS,20506266,N,Y,45.5606063,-122.6128026
MLS Listing,,Condo/Co-op,205 Oswego Smt #205,Lake Oswego,OR,97035,285000,2,2.0,"Lake Oswego, West Linn",1383,,1981,1,206,583,Active,,,http://www.redfin.com/OR/Lake-Oswego/205-Oswego-Smt-97035/unit-205/home/25789185,RMLS,20034875,N,Y,45.4352581,-122.7153555
MLS Listing,,Condo/Co-op,7302 N New York Ave #1,Portland,OR,97203,185000,1,1.0,ST. JOHNS,521,,1959,1,355,300,Active,,,http://www.redfin.com/OR/Portland/7302-N-New-York-Ave-97203/unit-1/home/26448072,RMLS,20485421,N,Y,45.5918499,-122.757478
MLS Listing,,Condo/Co-op,2350 NW Savier St #302,Portland,OR,97210,649000,2,2.0,NORTHWEST / Vaux Condominiums,1278,,2006,1,508,593,Active,,,http://www.redfin.com/OR/Portland/2350-NW-Savier-St-97210/unit-302/home/168728479,RMLS,20181164,N,Y,45.5345537,-122.6996983
MLS Listing,,Single Family Residential,3819 SE 70th Ave,Portland,OR,97206,669900,4,3.0,Foster-Powell,2128,3920,2017,1,315,,Active,August-22-2020 01:00 PM,August-22-2020 03:00 PM,http://www.redfin.com/OR/Portland/3819-SE-70th-Ave-97206/home/104291714,RMLS,20626423,N,Y,45.4946065,-122.5914128
MLS Listing,,Single Family Residential,5905 NE 32nd Pl,Portland,OR,97211,615000,4,3.0,Portland Northeast,2556,4791,1929,1,241,,Active,,,http://www.redfin.com/OR/Portland/5905-NE-32nd-Pl-97211/home/26526153,RMLS,20600103,N,Y,45.5654321,-122.6320328
MLS Listing,,Single Family Residential,7626 SE Clackamas Rd,Milwaukie,OR,97267,349000,3,1.5,"Milwaukie, Gladstone, Happy Valley, Clckmas, Dmscus, Estacada",1640,10890,1970,1,213,,Active,,,http://www.redfin.com/OR/Milwaukie/7626-SE-Clackamas-Rd-97267/home/25983605,RMLS,20481595,N,Y,45.4105349,-122.5848664
MLS Listing,,Single Family Residential,1335 NE Cooper Ln,Estacada,OR,97023,394500,3,2.5,"Milwaukie, Gladstone, Happy Valley, Clckmas, Dmscus, Estacada",1838,9583,2011,1,215,19,Active,August-22-2020 11:00 AM,August-22-2020 01:00 PM,http://www.redfin.com/OR/Estacada/1335-NE-Cooper-Ln-97023/home/25976152,RMLS,20238451,N,Y,45.3004745,-122.3265422
MLS Listing,,Single Family Residential,906 NE Stafford St,Portland,OR,97211,499000,4,2.0,Portland Northeast,2254,3920,1960,1,221,,Active,,,http://www.redfin.com/OR/Portland/906-NE-Stafford-St-97211/home/26338715,RMLS,20522815,N,Y,45.5763224,-122.6555697
MLS Listing,,Single Family Residential,4839 SE 36th Pl,Portland,OR,97202,1149000,5,3.5,REEDWOOD,3814,4791,2015,1,301,,Active,,,http://www.redfin.com/OR/Portland/4839-SE-36th-Pl-97202/home/52884434,RMLS,20436586,N,Y,45.4875538,-122.6259955
MLS Listing,,Single Family Residential,19638 Suncrest Dr,West Linn,OR,97068,789000,4,2.5,Hidden Sprngs/Marylhrst Heigts,3445,7405,2012,1,229,50,Active,,,http://www.redfin.com/OR/West-Linn/19638-Suncrest-Dr-97068/home/40429201,RMLS,20303990,N,Y,45.3834295,-122.656131
MLS Listing,,Condo/Co-op,4642 Lower Dr,Lake Oswego,OR,97035,275000,2,1.5,BRYANT,1260,,1975,1,218,315,Active,August-22-2020 01:00 PM,August-22-2020 04:00 PM,http://www.redfin.com/OR/Lake-Oswego/4642-Lower-Dr-97035/home/25981129,RMLS,20025094,N,Y,45.403848,-122.724705
MLS Listing,,Single Family Residential,10333 SW Ridgeview Ln,Portland,OR,97219,749000,3,2.0,"Portland West, Raleigh Hills",3726,38332,1949,1,201,,Active,,,http://www.redfin.com/OR/Portland/10333-SW-Ridgeview-Ln-97219/home/26302646,RMLS,20118797,N,Y,45.4506263,-122.6989361
MLS Listing,,Single Family Residential,16171 SW Vance Ln Lot 20,Beaverton,OR,97078,470668,3,2.5,GEORGETOWN CROSSING,2027,,2020,1,232,15,Active,August-20-2020 12:00 PM,August-20-2020 05:00 PM,http://www.redfin.com/OR/Beaverton/16171-SW-Vance-Ln-97007/unit-20/home/172773860,RMLS,20144191,N,Y,45.484286,-122.84305
MLS Listing,,Single Family Residential,11967 SE Beckman Ave,Milwaukie,OR,97222,429000,3,2.0,LINWOOD,1996,8712,1989,1,215,,Active,August-22-2020 12:00 PM,August-22-2020 03:00 PM,http://www.redfin.com/OR/Milwaukie/11967-SE-Beckman-Ave-97222/home/25996692,RMLS,20523083,N,Y,45.4369301,-122.6074979
MLS Listing,,Mobile/Manufactured Home,10701 SE Highway 212 Unit R3,Clackamas,OR,97015,99990,3,2.0,"Milwaukie, Gladstone, Happy Valley, Clckmas, Dmscus, Estacada",1392,,1971,1,72,,Active,,,http://www.redfin.com/OR/Clackamas/10701-SE-Hwy-212-97015/unit-R3/home/25958760,RMLS,20475120,N,Y,45.4086585,-122.5518018
MLS Listing,,Condo/Co-op,790 SE Webber St,Portland,OR,97202,485000,3,2.0,Portland Southeast,1622,,1974,1,299,657,Active,,,http://www.redfin.com/OR/Portland/790-SE-Webber-St-97202/home/26325034,RMLS,20273104,N,Y,45.4584877,-122.65902
MLS Listing,,Single Family Residential,7490 SW Lakeside Loop,Wilsonville,OR,97070,475000,2,2.0,Charbonneau,2029,5227,1989,1,234,168,Active,,,http://www.redfin.com/OR/Wilsonville/7490-SW-Lakeside-Loop-97070/home/26044934,RMLS,20005305,N,Y,45.2930398,-122.7537872
MLS Listing,,Single Family Residential,11192 SE 45th Ave,Milwaukie,OR,97222,469000,3,2.0,"Milwaukie, Gladstone, Happy Valley, Clckmas, Dmscus, Estacada",2040,6098,1961,1,230,,Active,August-22-2020 01:00 PM,August-22-2020 03:00 PM,http://www.redfin.com/OR/Milwaukie/11192-SE-45th-Ave-97222/home/25989071,RMLS,20056198,N,Y,45.44219,-122.6162445
MLS Listing,,Single Family Residential,930 NE Emerson St,Portland,OR,97211,549000,4,3.0,Portland Northeast,1977,2178,2012,1,278,,Active,August-22-2020 12:00 PM,August-22-2020 02:00 PM,http://www.redfin.com/OR/Portland/930-NE-Emerson-St-97211/home/26491835,RMLS,20315650,N,Y,45.5616569,-122.6555082
MLS Listing,,Single Family Residential,2515 NE Wasco St,Portland,OR,97232,550000,4,1.5,Portland Northeast,2476,4791,1906,1,222,,Active,,,http://www.redfin.com/OR/Portland/2515-NE-Wasco-St-97232/home/26503094,RMLS,20211284,N,Y,45.5323539,-122.6399431
MLS Listing,,Single Family Residential,860 NE Kathryn St,Hillsboro,OR,97124,435000,3,2.0,"Hillsboro, Forest Grove",1666,7405,1981,1,261,,Active,August-22-2020 11:00 AM,August-22-2020 01:00 PM,http://www.redfin.com/OR/Hillsboro/860-NE-Kathryn-St-97124/home/25804675,RMLS,20608153,N,Y,45.5379384,-122.9763092
MLS Listing,,Single Family Residential,6281 N Bank St,Portland,OR,97203,405000,3,2.0,EAST ST. JOHNS,1738,4791,1996,1,233,,Active,,,http://www.redfin.com/OR/Portland/6281-N-Bank-St-97203/home/26505271,RMLS,20194133,N,Y,45.5970691,-122.7301063
MLS Listing,,Condo/Co-op,4150 S Corbett Ave #21,Portland,OR,97239,439900,2,2.0,Lair Hill / Corbett Crescent,1468,,2007,1,300,510,Active,,,http://www.redfin.com/OR/Portland/4150-S-Corbett-Ave-97239/unit-21/home/26446097,RMLS,20141476,N,Y,45.4936989,-122.6752518
MLS Listing,,Single Family Residential,12624 Villard Pl,Oregon City,OR,97045,434900,3,2.5,Tower Vista,1941,3484,2008,1,224,,Active,,,http://www.redfin.com/OR/Oregon-City/12624-Villard-Pl-97045/home/25817001,RMLS,20458651,N,Y,45.325169,-122.6083375
MLS Listing,,Single Family Residential,3956 NE 136th Ave,Portland,OR,97230,374900,3,2.0,ARGAY,1392,7840,1973,1,269,,Active,August-22-2020 10:00 AM,August-22-2020 12:00 PM,http://www.redfin.com/OR/Portland/3956-NE-136th-Ave-97230/home/26575075,RMLS,20426722,N,Y,45.5524336,-122.5229449
MLS Listing,,Single Family Residential,12200 SW Lesser Rd,Portland,OR,97219,550000,3,2.0,"Portland West, Raleigh Hills",2642,41817,1947,1,208,,Active,,,http://www.redfin.com/OR/Portland/12200-SW-Lesser-Rd-97219/home/26343255,RMLS,20284185,N,Y,45.4371127,-122.7405611
MLS Listing,,Single Family Residential,6210 SW Thomas St,Portland,OR,97221,2850000,5,4.5,SW Hills,4730,77972,1965,1,603,,Active,,,http://www.redfin.com/OR/Portland/6210-SW-Thomas-St-97221/home/26342691,RMLS,20167450,N,Y,45.494101,-122.7410504
MLS Listing,,Single Family Residential,13333 SE 125th Ave,Clackamas,OR,97015,399999,3,2.0,"Milwaukie, Gladstone, Happy Valley, Clckmas, Dmscus, Estacada",1454,10454,1977,1,275,,Active,,,http://www.redfin.com/OR/Clackamas/13333-SE-125th-Ave-97015/home/26017105,RMLS,20274804,N,Y,45.4262066,-122.5351338
MLS Listing,,Single Family Residential,2205 NE 42nd Ave,Portland,OR,97213,584900,4,1.5,HOLLYWOOD / GRANT PARK,3000,4791,1918,1,195,,Active,,,http://www.redfin.com/OR/Portland/2205-NE-42nd-Ave-97213/home/26543179,RMLS,20567460,N,Y,45.5384865,-122.6202377
MLS Listing,,Single Family Residential,15394 SE Parktree Dr,Clackamas,OR,97015,475000,5,3.0,"Milwaukie, Gladstone, Happy Valley, Clckmas, Dmscus, Estacada",2200,6098,1998,1,216,,Active,August-22-2020 12:00 PM,August-22-2020 04:00 PM,http://www.redfin.com/OR/Clackamas/15394-SE-Parktree-Dr-97015/home/26050069,RMLS,20004735,N,Y,45.4221178,-122.5045214
MLS Listing,,Single Family Residential,9118 SE Mill St,Portland,OR,97216,449000,3,2.0,MONTAVILLA,1676,6098,1952,1,268,,Active,,,http://www.redfin.com/OR/Portland/9118-SE-Mill-St-97216/home/26437190,RMLS,20309814,N,Y,45.5098695,-122.569595
MLS Listing,,Condo/Co-op,3630 SW Baird St #3,Portland,OR,97219,409000,3,2.0,MULTNOMAH,2306,,2008,1,177,435,Active,August-23-2020 12:00 PM,August-23-2020 03:00 PM,http://www.redfin.com/OR/Portland/3630-SW-Baird-St-97219/unit-3/home/26455442,RMLS,20293952,N,Y,45.456862,-122.7149454
MLS Listing,,Townhouse,1271 SE Leander St,Hillsboro,OR,97123,303000,2,2.5,"Hillsboro, Forest Grove",1498,1306,2005,1,202,236,Active,,,http://www.redfin.com/OR/Hillsboro/1271-SE-Leander-St-97123/home/26724174,RMLS,20604200,N,Y,45.509345,-122.9713
MLS Listing,,Single Family Residential,4538 SW Vacuna St,Portland,OR,97219,465000,3,2.0,"Portland West, Raleigh Hills",1320,6098,1987,1,352,,Active,,,http://www.redfin.com/OR/Portland/4538-SW-Vacuna-St-97219/home/26477371,RMLS,20133280,N,Y,45.4416084,-122.7240171
MLS Listing,,Single Family Residential,4814 NE 32nd Pl,Portland,OR,97211,459000,2,1.0,ALBERTA ARTS,1595,3920,1908,1,288,,Active,August-21-2020 05:00 PM,August-21-2020 07:00 PM,http://www.redfin.com/OR/Portland/4814-NE-32nd-Pl-97211/home/26547111,RMLS,20569063,N,Y,45.5578717,-122.6315003
MLS Listing,,Mobile/Manufactured Home,22435 S Kamrath Rd,Oregon City,OR,97045,445000,3,2.5,"Oregon City, Beavercreek, Canby, Molalla, Mulino",2352,43560,1972,1,189,,Active,,,http://www.redfin.com/OR/Oregon-City/22435-S-Kamrath-Rd-97045/home/25956418,RMLS,20542147,N,Y,45.2816817,-122.5362934
MLS Listing,,Single Family Residential,13156 King Salmon Ct,Oregon City,OR,97045,675000,5,2.5,"Oregon City, Beavercreek, Canby, Molalla, Mulino",3389,9147,2005,1,199,,Active,August-23-2020 12:00 PM,August-23-2020 02:00 PM,http://www.redfin.com/OR/Oregon-City/13156-King-Salmon-Ct-97045/home/25862858,RMLS,20590040,N,Y,45.3224156,-122.596356
MLS Listing,,Condo/Co-op,255 SW Harrison St Unit 4H,Portland,OR,97201,325000,2,2.0,"Portland West, Raleigh Hills",959,,1965,1,339,630,Active,,,http://www.redfin.com/OR/Portland/255-SW-Harrison-St-97201/unit-4H/home/26613837,RMLS,20535547,N,Y,45.5104389,-122.6793503
MLS Listing,,Townhouse,8444 NE Noelle Way,Hillsboro,OR,97006,335000,3,2.5,Quatama Park Townhomes,1651,1306,2006,1,203,357,Active,,,http://www.redfin.com/OR/Hillsboro/8444-NE-Noelle-Way-97006/home/26730302,RMLS,20358195,N,Y,45.523326,-122.894168
MLS Listing,,Single Family Residential,11720 SW King George Dr,King City,OR,97224,320000,2,1.5,"Tigard, Tualatin, Sherwood, Wilsonville",1080,3920,1964,1,296,41,Active,,,http://www.redfin.com/OR/King-City/11720-SW-King-George-Dr-97224/home/26717722,RMLS,20051483,N,Y,45.4098947,-122.7974667
MLS Listing,,Condo/Co-op,16441 NW Chadwick Way #304,Portland,OR,97229,239900,1,1.0,BETHANY,670,,2018,1,358,138,Active,,,http://www.redfin.com/OR/Portland/16441-NW-Chadwick-Way-97229/unit-304/home/170143781,RMLS,20432776,N,Y,45.569406,-122.847419
MLS Listing,,Single Family Residential,5712 SE 103rd Ave,Portland,OR,97266,295000,3,1.0,LENTS,1197,10018,1933,1,246,,Active,,,http://www.redfin.com/OR/Portland/5712-SE-103rd-Ave-97266/home/25844239,RMLS,20238075,N,Y,45.480881,-122.5570374
MLS Listing,,Single Family Residential,7710 SE Malden St,Portland,OR,97206,375000,3,3.0,BRENTWOOD - DARLINGTON,1676,2613,1947,1,224,,Active,August-23-2020 01:00 PM,August-23-2020 03:00 PM,http://www.redfin.com/OR/Portland/7710-SE-Malden-St-97206/home/26626852,RMLS,20489282,N,Y,45.4678469,-122.5839135
MLS Listing,,Single Family Residential,4381 SE Wynnwood Dr,Hillsboro,OR,97123,350000,3,2.0,SOUTHEAST HILLSBORO,1128,6969,1983,1,310,,Active,August-23-2020 01:00 PM,August-23-2020 04:00 PM,http://www.redfin.com/OR/Hillsboro/4381-SE-Wynnwood-Dr-97123/home/26693676,RMLS,20295121,N,Y,45.4986262,-122.9383406
MLS Listing,,Condo/Co-op,4205 SE 80th Ave,Portland,OR,97206,399900,3,2.5,Portland Southeast,1714,,2020,1,233,29,Active,,,http://www.redfin.com/OR/Portland/4205-SE-80th-Ave-97206/home/169462963,RMLS,20693760,N,Y,45.4919427,-122.5813031
MLS Listing,,Single Family Residential,13149 SW Red Fox Ter,Beaverton,OR,97007,510000,3,2.5,RIVER TERRACE EAST,1799,3049,2018,1,283,89,Active,,,http://www.redfin.com/OR/BEAVERTON/13149-SW-RED-FOX-TER-97007/home/144694267,RMLS,20548959,N,Y,45.424951,-122.848327
MLS Listing,,Single Family Residential,3960 SW Tualatin Ave,Portland,OR,97239,1450000,4,3.0,Council Crest,3305,15245,1933,1,439,,Active,August-22-2020 01:00 PM,August-22-2020 03:00 PM,http://www.redfin.com/OR/Portland/3960-SW-Tualatin-Ave-97239/home/26299518,RMLS,20463529,N,Y,45.4948127,-122.7007794
MLS Listing,,Single Family Residential,9411 NW Harvest Hill Dr,Portland,OR,97229,589900,5,3.0,Arbor Vista,2409,3049,2011,1,245,57,Active,,,http://www.redfin.com/OR/Portland/9411-NW-Harvest-Hill-Dr-97229/home/26554898,RMLS,20575687,N,Y,45.5273262,-122.7736903
MLS Listing,,Single Family Residential,7455 SW Canyon Dr,Portland,OR,97225,599000,5,2.5,WEST SLOPE/RALEIGH HILLS,3442,12632,1976,1,174,,Active,,,http://www.redfin.com/OR/Portland/7455-SW-Canyon-Dr-97225/home/26638981,RMLS,20585516,N,Y,45.4988108,-122.754015
MLS Listing,,Single Family Residential,2836 SE 90th Pl,Portland,OR,97266,450000,4,2.5,POWELLHURST - GILBERT,1858,6969,1979,1,242,,Active,August-23-2020 01:00 PM,August-23-2020 04:00 PM,http://www.redfin.com/OR/Portland/2836-SE-90th-Pl-97266/home/26541849,RMLS,20120527,N,Y,45.501937,-122.5707806
MLS Listing,,Single Family Residential,1883 SW 5th St,Gresham,OR,97080,365000,3,2.0,"Gresham, Sandy, Troutdale, Corbett",1428,7840,1981,1,256,,Active,,,http://www.redfin.com/OR/Gresham/1883-SW-5th-St-97080/home/25748974,RMLS,20596126,N,Y,45.4935557,-122.451061
MLS Listing,,Single Family Residential,1573 SE 71st Ave,Hillsboro,OR,97123,425000,4,2.5,Reedville,1853,6969,1996,1,229,,Active,,,http://www.redfin.com/OR/Hillsboro/1573-SE-71st-Ave-97123/home/25795033,RMLS,20697849,N,Y,45.5080679,-122.9088551
MLS Listing,,Vacant Land,7665 SW Chaucer Ct,Portland,OR,97224,199900,,,"Tigard, Tualatin, Sherwood, Wilsonville",,7405,,1,,,Active,,,http://www.redfin.com/OR/Portland/7665-SW-Chaucer-Ct-97224/home/26682554,RMLS,20266832,N,Y,45.3986651,-122.7561438
MLS Listing,,Single Family Residential,16421 NE Fargo Cir,Portland,OR,97230,500000,5,4.0,HIGHWOOD,3208,7405,1978,1,156,,Active,,,http://www.redfin.com/OR/Portland/16421-NE-Fargo-Cir-97230/home/26512969,RMLS,20609187,N,Y,45.5458953,-122.4933147
MLS Listing,,Single Family Residential,3953 SW 58th Dr,Portland,OR,97221,639900,3,2.5,BRIDLEMILE,2622,5662,1979,1,244,79,Active,August-23-2020 01:00 PM,August-23-2020 03:00 PM,http://www.redfin.com/OR/Portland/3953-SW-58th-Dr-97221/home/25766228,RMLS,20026312,N,Y,45.4953211,-122.7365514
MLS Listing,,Single Family Residential,8311 SE 160th Ave,Portland,OR,97236,549900,4,2.0,Portland Southeast,2016,10890,2018,1,273,40,Active,,,http://www.redfin.com/OR/Portland/8311-SE-160th-Ave-97236/home/144384653,RMLS,20358212,N,Y,45.4626242,-122.4990509
MLS Listing,,Condo/Co-op,8720 SW Tualatin Rd #300,Tualatin,OR,97062,229900,3,2.0,"Tigard, Tualatin, Sherwood, Wilsonville",1267,,1987,1,181,573,Active,August-22-2020 01:00 PM,August-22-2020 03:00 PM,http://www.redfin.com/OR/Tualatin/8720-SW-Tualatin-Rd-97062/unit-300/home/25834441,RMLS,20596777,N,Y,45.3867133,-122.7682921
MLS Listing,,Townhouse,20663 NW Sedona Ln,Beaverton,OR,97006,310000,2,2.5,"Beaverton, Aloha",1369,1742,2002,1,226,304,Active,,,http://www.redfin.com/OR/Beaverton/20663-NW-Sedona-Ln-97006/home/26723279,RMLS,20641045,N,Y,45.5215244,-122.8903138
MLS Listing,,Condo/Co-op,7746 SW Barnes Rd Unit C,Portland,OR,97225,215000,2,1.0,"Portland West, Raleigh Hills",800,,1977,1,269,404,Active,,,http://www.redfin.com/OR/Portland/7746-SW-Barnes-Rd-97225/unit-C/home/25846010,RMLS,20592513,N,Y,45.50924,-122.754834
MLS Listing,,Single Family Residential,17378 SE Todd Ln,Milwaukie,OR,97267,379900,3,3.0,"Milwaukie, Gladstone, Happy Valley, Clckmas, Dmscus, Estacada",2442,19166,1974,1,156,,Active,,,http://www.redfin.com/OR/Milwaukie/17378-SE-Todd-Ln-97267/home/25845949,RMLS,20420779,N,Y,45.3975831,-122.578477
MLS Listing,,Single Family Residential,1970 Ostman Rd,West Linn,OR,97068,447450,3,2.0,"Lake Oswego, West Linn",1530,6969,1990,1,292,,Active,,,http://www.redfin.com/OR/West-Linn/1970-Ostman-Rd-97068/home/26012909,RMLS,20397715,N,Y,45.3468598,-122.6672417
MLS Listing,,Single Family Residential,1127 SE 226th Ave,Gresham,OR,97030,325000,3,1.5,NORTH CENTRAL,1212,7405,1968,1,268,,Active,,,http://www.redfin.com/OR/Gresham/1127-SE-226th-Ave-97030/home/26318289,RMLS,20348678,N,Y,45.5144447,-122.430756
MLS Listing,,Single Family Residential,2540 SW Garden View Ave,Portland,OR,97225,969900,4,2.5,Vista Hills,4772,18730,1964,1,203,,Active,,,http://www.redfin.com/OR/Portland/2540-SW-Garden-View-Ave-97225/home/26593316,RMLS,20200170,N,Y,45.5016971,-122.7705295
MLS Listing,,Single Family Residential,6243 SE Polyantha St #304,Hillsboro,OR,97123,504900,3,2.5,ROSEDALE PARKS,2010,,2020,1,251,135,Active,,,http://www.redfin.com/OR/Hillsboro/6243-SE-Polyantha-St-97123/unit-304/home/172767257,RMLS,20680213,N,Y,45.4895944,-122.9162635
MLS Listing,,Single Family Residential,3978 SE Boise St,Portland,OR,97202,799900,4,2.5,Portland Southeast,2625,4356,2018,1,305,,Active,,,http://www.redfin.com/OR/Portland/3978-SE-Boise-St-97202/home/144738781,RMLS,20458130,N,Y,45.4922473,-122.6210918
MLS Listing,,Single Family Residential,14460 SE Thelma Cir,Milwaukie,OR,97267,475000,4,2.0,"Milwaukie, Gladstone, Happy Valley, Clckmas, Dmscus, Estacada",2110,10454,1971,1,225,,Active,August-22-2020 10:00 AM,August-22-2020 01:00 PM,http://www.redfin.com/OR/Milwaukie/14460-SE-Thelma-Cir-97267/home/25948744,RMLS,20415219,N,Y,45.4185435,-122.5814744
MLS Listing,,Single Family Residential,31 NE 83rd Ave,Portland,OR,97220,424000,3,1.0,Montavilla,2151,4791,1910,1,197,,Active,,,http://www.redfin.com/OR/Portland/31-NE-83rd-Ave-97220/home/26333454,RMLS,20148145,N,Y,45.5233147,-122.5782837
MLS Listing,,Single Family Residential,5523 N Atlantic Ave,Portland,OR,97217,974998,4,3.5,Portland North,2800,4791,2018,1,348,,Active,,,http://www.redfin.com/OR/Portland/5523-N-Atlantic-Ave-97217/home/147721578,RMLS,20394513,N,Y,45.5631703,-122.6966977
MLS Listing,,Vacant Land,13896 SE Diamond Ridge Rd,Happy Valley,OR,97086,650000,,,"Milwaukie, Gladstone, Happy Valley, Clckmas, Dmscus, Estacada",,48351,,1,,,Active,,,http://www.redfin.com/OR/Happy-Valley/13896-SE-Diamond-Ridge-Rd-97086/home/110152361,RMLS,20266607,N,Y,45.4329219,-122.5204173
MLS Listing,,Single Family Residential,12406 SE Raymond St,Portland,OR,97236,339000,3,1.5,Portland Southeast,1254,10454,1950,1,270,,Active,,,http://www.redfin.com/OR/Portland/12406-SE-Raymond-St-97236/home/26349016,RMLS,20172488,N,Y,45.4857996,-122.535642
MLS Listing,,Vacant Land,SW Boones Ferry Rd,Portland,OR,97219,65000,,,"Portland West, Raleigh Hills",,19166,,1,,,Active,,,http://www.redfin.com/OR/PORTLAND/SW-BOONES-FERRY-RD-97219/home/49691595,RMLS,20368886,N,Y,45.451579,-122.684401
MLS Listing,,Vacant Land,SW Broadway Dr,Portland,OR,97201,120000,,,"Portland West, Raleigh Hills",,7405,,1,,,Active,,,http://www.redfin.com/OR/PORTLAND/SW-BROADWAY-DR-97201/home/26370193,RMLS,20161243,N,Y,45.503426,-122.688443
MLS Listing,,Single Family Residential,5115 SW 193rd Pl,Aloha,OR,97078,425000,3,2.5,"Beaverton, Aloha",1659,7405,1992,1,256,,Active,,,http://www.redfin.com/OR/Aloha/5115-SW-193rd-Pl-97007/home/26676111,RMLS,20151659,N,Y,45.4828414,-122.8764334
MLS Listing,,Single Family Residential,1073 SE 37th Ave,Hillsboro,OR,97123,419900,3,2.0,"Hillsboro, Forest Grove",1511,9147,1965,1,278,,Active,,,http://www.redfin.com/OR/Hillsboro/1073-SE-37th-Ave-97123/home/26692860,RMLS,20270292,N,Y,45.5107447,-122.9449603
MLS Listing,,Single Family Residential,1260 N Winchell St,Portland,OR,97217,317350,1,1.0,KENTON,1456,4791,1922,1,218,,Active,August-22-2020 09:00 AM,August-22-2020 12:00 PM,http://www.redfin.com/OR/Portland/1260-N-Winchell-St-97217/home/26554386,RMLS,20154135,N,Y,45.5805328,-122.6797903
MLS Listing,,Single Family Residential,434 NE 130th Pl,Portland,OR,97230,330000,3,1.0,HAZELWOOD,1320,8276,1956,1,250,,Active,,,http://www.redfin.com/OR/Portland/434-NE-130th-Pl-97230/home/26429260,RMLS,20590226,N,Y,45.526142,-122.5285698
MLS Listing,,Single Family Residential,235 N Holland St,Portland,OR,97217,375000,2,1.0,PIEDMONT,1525,5662,1937,1,246,,Active,,,http://www.redfin.com/OR/Portland/235-N-Holland-St-97217/home/26317537,RMLS,20138019,N,Y,45.5759676,-122.6693873
MLS Listing,,Single Family Residential,1654 N Alberta St,Portland,OR,97217,500000,3,2.0,Portland North,1933,4791,1941,1,259,,Active,,,http://www.redfin.com/OR/Portland/1654-N-Alberta-St-97217/home/26366602,RMLS,20313209,N,Y,45.5589023,-122.6846308
MLS Listing,,Single Family Residential,14652 NE Weidler St,Portland,OR,97230,325000,3,2.5,Portland Northeast,1742,10454,1978,1,187,,Active,,,http://www.redfin.com/OR/Portland/14652-NE-Weidler-St-97230/home/26406711,RMLS,20242507,N,Y,45.5344217,-122.5119326
MLS Listing,,Single Family Residential,2371 NE 11th Ave,Hillsboro,OR,97124,500000,4,3.0,JONES FARM,2447,4791,1999,1,204,33,Active,,,http://www.redfin.com/OR/Hillsboro/2371-NE-11th-Ave-97124/home/26627914,RMLS,20472249,N,Y,45.5413144,-122.972125
MLS Listing,,Single Family Residential,13005 Sierra Vista Dr,Lake Oswego,OR,97035,819900,4,2.5,Westlake,3448,6969,1992,1,238,,Active,,,http://www.redfin.com/OR/Lake-Oswego/13005-Sierra-Vista-Dr-97035/home/26010817,RMLS,20011105,N,Y,45.4314355,-122.7377955
MLS Listing,,Single Family Residential,19990 White Cloud Cir,West Linn,OR,97068,385000,3,1.0,SHA-WA-AWA,1115,6969,1961,1,345,,Active,,,http://www.redfin.com/OR/West-Linn/19990-White-Cloud-Cir-97068/home/25947719,RMLS,20227987,N,Y,45.3810896,-122.6377299
MLS Listing,,Single Family Residential,936 Evergreen Rd,Lake Oswego,OR,97034,1949000,4,3.5,EVERGREEN DOWNTOWN LAKE OSWEGO,3772,9583,2019,1,517,,Active,,,http://www.redfin.com/OR/Lake-Oswego/936-Evergreen-Rd-97034/home/25938052,RMLS,20439562,N,Y,45.4189942,-122.6752223
MLS Listing,,Single Family Residential,25 NW 95th Ave,Portland,OR,97229,720000,5,3.0,Cedar Hills - Cedar Mills,2780,17859,1966,1,259,,Active,,,http://www.redfin.com/OR/Portland/25-NW-95th-Ave-97229/home/26714349,RMLS,20318867,N,Y,45.5196824,-122.7757153
MLS Listing,,Single Family Residential,2026 11th St,Oregon City,OR,97045,339000,3,1.0,"Oregon City, Beavercreek, Canby, Molalla, Mulino",1350,5227,1935,1,251,,Active,August-22-2020 11:00 AM,August-22-2020 02:00 PM,http://www.redfin.com/OR/Oregon-City/2026-11th-St-97045/home/26015568,RMLS,20439753,N,Y,45.3525341,-122.5897669
MLS Listing,,Condo/Co-op,10416 SW Akilean Ter,Tigard,OR,97223,306600,2,2.5,CORNERSTONE,1200,,2020,1,256,236,Active,,,http://www.redfin.com/OR/Tigard/10416-SW-Akilean-Ter-97223/home/172691295,RMLS,20179268,N,Y,45.444565,-122.768
MLS Listing,,Single Family Residential,7225 SW 55th Ave,Portland,OR,97219,625000,4,3.0,MAPLEWOOD,2012,10890,1949,1,311,,Active,,,http://www.redfin.com/OR/Portland/7225-SW-55th-Ave-97219/home/26593824,RMLS,20490622,N,Y,45.472572,-122.733834
MLS Listing,,Single Family Residential,14300 SW Weir Rd,Beaverton,OR,97008,509950,4,2.5,SUMMER FALLS,1991,3049,2015,1,256,85,Active,August-22-2020 01:00 PM,August-22-2020 03:00 PM,http://www.redfin.com/OR/Beaverton/14300-SW-Weir-Rd-97008/home/56335750,RMLS,20520054,N,Y,45.4478589,-122.8241098
MLS Listing,,Single Family Residential,2325 Marylhurst Dr,West Linn,OR,97068,375000,2,1.0,"Lake Oswego, West Linn",1700,35719,1973,1,221,,Active,,,http://www.redfin.com/OR/West-Linn/2325-Marylhurst-Dr-97068/home/26089338,RMLS,20130247,N,Y,45.390018,-122.65086
MLS Listing,,Condo/Co-op,255 SW Harrison St Unit 22A,Portland,OR,97201,229900,1,1.0,"Portland West, Raleigh Hills",587,,1965,1,392,507,Active,,,http://www.redfin.com/OR/Portland/255-SW-Harrison-St-97201/unit-22A/home/26614394,RMLS,20493654,N,Y,45.5104389,-122.6793503
MLS Listing,,Single Family Residential,24387 S Hayfield Rd,Beavercreek,OR,97004,879900,3,2.5,"Oregon City, Beavercreek, Canby, Molalla, Mulino",3112,107157,2005,1,283,,Active,,,http://www.redfin.com/OR/Beavercreek/24387-S-Hayfield-Rd-97004/home/26069750,RMLS,20218003,N,Y,45.2531273,-122.4929317
MLS Listing,,Single Family Residential,2107 N Vancouver Ave,Portland,OR,97227,899000,5,4.5,ALBINA,4355,4791,1909,1,206,,Active,,,http://www.redfin.com/OR/Portland/2107-N-Vancouver-Ave-97227/unit-A/home/26549846,RMLS,20142980,N,Y,45.5382015,-122.6680079
MLS Listing,,Multi-Family (2-4 Unit),1554 N Jessup St,Portland,OR,97217,675000,3,2.0,OVERLOOK / ARBOR LODGE,2170,,2015,1,311,,Active,,,http://www.redfin.com/OR/Portland/1554-N-Jessup-St-97217/unit-A/home/25842048,RMLS,20124632,N,Y,45.5639184,-122.6834526
MLS Listing,,Condo/Co-op,111 SW Harrison St Unit 8C,Portland,OR,97201,249000,1,1.0,HARRISON EAST,600,,1965,1,415,361,Active,,,http://www.redfin.com/OR/Portland/111-SW-Harrison-St-97201/unit-8C/home/25770215,RMLS,20600994,N,Y,45.5103895,-122.6782231
MLS Listing,,Single Family Residential,16743 Graef Cir,Lake Oswego,OR,97035,2000000,4,2.5,Lakefront,3772,5662,1955,1,530,181,Active,,,http://www.redfin.com/OR/Lake-Oswego/16743-Graef-Cir-97035/home/25786379,RMLS,20339849,N,Y,45.4045812,-122.7194935
MLS Listing,,Condo/Co-op,255 SW Harrison St Unit 8B,Portland,OR,97201,225000,1,1.0,"Portland West, Raleigh Hills",727,,1965,1,309,565,Active,,,http://www.redfin.com/OR/Portland/255-SW-Harrison-St-97201/unit-8B/home/26373791,RMLS,20466100,N,Y,45.5104389,-122.6793503
MLS Listing,,Single Family Residential,8235 SE Clackamas Rd,Milwaukie,OR,97267,393500,3,2.0,"Milwaukie, Gladstone, Happy Valley, Clckmas, Dmscus, Estacada",1492,10018,1963,1,264,,Active,,,http://www.redfin.com/OR/Milwaukie/8235-SE-Clackamas-Rd-97267/home/25949550,RMLS,20618760,N,Y,45.410883,-122.5783913
MLS Listing,,Vacant Land,0 SE 143rd Ct,Portland,OR,97236,354900,,,Portland Southeast,,23958,,1,,,Active,,,http://www.redfin.com/OR/Portland/SE-143rd-Ct-97236/home/49689544,RMLS,20664962,N,Y,45.475581,-122.516051
MLS Listing,,Townhouse,728 NE Tillamook St,Portland,OR,97212,699900,3,3.5,Portland Northeast,1759,871,2012,1,398,,Active,,,http://www.redfin.com/OR/Portland/728-NE-Tillamook-St-97212/unit-A/home/40550245,RMLS,20608415,N,Y,45.5373325,-122.6579836
MLS Listing,,Single Family Residential,6269 N Fessenden St,Portland,OR,97203,389000,3,2.5,ST JOHNS,1474,2613,2020,1,264,,Active,,,http://www.redfin.com/OR/Portland/6269-N-Fessenden-St-97203/home/172762117,RMLS,20201518,N,Y,45.592348,-122.7296062
MLS Listing,,Condo/Co-op,949 NW Overton St #705,Portland,OR,97209,513000,1,1.0,"Portland West, Raleigh Hills",920,,2007,1,558,403,Active,,,http://www.redfin.com/OR/Portland/949-NW-Overton-St-97209/unit-705/home/25868226,RMLS,20010659,N,Y,45.5327479,-122.681108
MLS Listing,,Single Family Residential,11960 Skellenger Way,Oregon City,OR,97045,559919,5,2.5,WHEELER FARMS,2403,,2020,1,233,,Active,,,http://www.redfin.com/OR/Oregon-City/11960-Skellenger-Way-97045/home/172761775,RMLS,20079381,N,Y,45.3217508,-122.620032
MLS Listing,,Condo/Co-op,949 NW Overton St #1206,Portland,OR,97209,539900,1,1.0,PEARL DISTRICT,995,,2007,1,543,430,Active,,,http://www.redfin.com/OR/Portland/949-NW-Overton-St-97209/unit-1206/home/25834106,RMLS,20468317,N,Y,45.5327029,-122.6807645
MLS Listing,,Condo/Co-op,11630 SE Wingspan Way #8,Happy Valley,OR,97086,419000,2,2.0,EAGLES LANDING,1935,,2006,1,217,685,Active,,,http://www.redfin.com/OR/Happy-Valley/11630-SE-Wingspan-Way-97086/unit-8/home/143136872,RMLS,20333410,N,Y,45.4390513,-122.5554741
MLS Listing,,Single Family Residential,7616 NE Samuelson St,Hillsboro,OR,97124,505000,4,2.5,Orenco Woods,1992,3484,2015,1,254,96,Active,,,http://www.redfin.com/OR/Hillsboro/7616-NE-Samuelson-St-97124/home/101101631,RMLS,20055714,N,Y,45.5250224,-122.9012337
MLS Listing,,Single Family Residential,12160 SW Douglas St,Portland,OR,97225,425000,3,1.0,"Portland West, Raleigh Hills",1511,9583,1947,1,281,,Active,,,http://www.redfin.com/OR/Portland/12160-SW-Douglas-St-97225/home/26679727,RMLS,20006337,N,Y,45.504541,-122.8014073
MLS Listing,,Townhouse,896 SE 193rd Ave,Portland,OR,97233,255000,3,2.5,"Gresham, Sandy, Troutdale, Corbett",1224,1742,1999,1,208,,Active,,,http://www.redfin.com/OR/Portland/896-SE-193rd-Ave-97233/home/26624899,RMLS,20418066,N,Y,45.5163077,-122.464263
MLS Listing,,Single Family Residential,6619 SE Knight St,Portland,OR,97206,379900,2,1.0,WOODSTOCK AREA,717,4791,1953,1,530,,Active,August-22-2020 12:00 PM,August-22-2020 02:00 PM,http://www.redfin.com/OR/Portland/6619-SE-Knight-St-97206/home/26334149,RMLS,20083763,N,Y,45.4802202,-122.5954272
MLS Listing,,Single Family Residential,6750 SW 35th Ave,Portland,OR,97219,648000,4,2.0,MULTNOMAH VILLAGE,2472,8712,1942,1,262,,Active,,,http://www.redfin.com/OR/Portland/6750-SW-35th-Ave-97219/home/26403339,RMLS,20447344,N,Y,45.4754248,-122.7125201
MLS Listing,,Single Family Residential,32279 SW Lake Dr,Wilsonville,OR,97070,595000,3,2.5,CHARBONNEAU,2104,5662,1989,1,283,246,Active,,,http://www.redfin.com/OR/Wilsonville/32279-SW-Lake-Dr-97070/home/25981479,RMLS,20493435,N,Y,45.2862914,-122.7511091
MLS Listing,,Single Family Residential,3943 SE 28th Pl,Portland,OR,97202,499000,3,2.0,Creston-Kenilworth,2580,4791,1911,1,193,,Active,,,http://www.redfin.com/OR/Portland/3943-SE-28th-Pl-97202/home/26544633,RMLS,20210516,N,Y,45.4941077,-122.6368658
MLS Listing,,Single Family Residential,5535 N Omaha Ave,Portland,OR,97217,650000,4,3.5,OVERLOOK,2294,4791,1903,1,283,,Active,,,http://www.redfin.com/OR/Portland/5535-N-Omaha-Ave-97217/home/26407552,RMLS,20531783,N,Y,45.5632929,-122.6906928
MLS Listing,,Single Family Residential,2620 SW 64th Pl,Portland,OR,97225,995000,5,4.5,West Hills,4852,13939,2000,1,205,,Active,,,http://www.redfin.com/OR/Portland/2620-SW-64th-Pl-97225/home/26620863,RMLS,20192184,N,Y,45.5040531,-122.7422451
MLS Listing,,Single Family Residential,2943 NE 14th Ave,Portland,OR,97212,729000,3,1.5,IRVINGTON,2595,4791,1929,1,281,,Active,,,http://www.redfin.com/OR/Portland/2943-NE-14th-Ave-97212/home/26469730,RMLS,20216398,N,Y,45.5443662,-122.6517204
MLS Listing,,Townhouse,11843 SE Schiller St,Portland,OR,97266,309900,4,2.0,POWELLHURST-GILBERT,1694,1742,2009,1,183,,Active,August-23-2020 11:00 AM,August-23-2020 01:00 PM,http://www.redfin.com/OR/Portland/11843-SE-Schiller-St-97266/home/25803719,RMLS,20509118,N,Y,45.4875525,-122.5410269
MLS Listing,,Single Family Residential,4528 SW Idaho Dr,Portland,OR,97221,650000,4,2.0,"Portland West, Raleigh Hills",2125,7405,1954,1,306,,Active,August-22-2020 12:00 PM,August-22-2020 02:00 PM,http://www.redfin.com/OR/Portland/4528-SW-Idaho-Dr-97221/home/26513088,RMLS,20384829,N,Y,45.4773697,-122.7237597
MLS Listing,,Single Family Residential,1006 SE 111th Ave,Portland,OR,97216,712000,4,3.0,Portland Southeast,3283,23522,1942,1,217,,Active,,,http://www.redfin.com/OR/Portland/1006-SE-111th-Ave-97216/home/26526371,RMLS,20024621,N,Y,45.5155334,-122.549022
MLS Listing,,Single Family Residential,14499 SE Creekside Dr,Milwaukie,OR,97267,599900,4,3.0,CREEKSIDE ESTATES,3174,11761,1998,1,189,,Active,,,http://www.redfin.com/OR/Milwaukie/14499-SE-Creekside-Dr-97267/home/25845833,RMLS,20294430,N,Y,45.4176349,-122.5986783
MLS Listing,,Townhouse,3131 NE 7th Ave #9,Portland,OR,97212,535000,2,2.5,IRVINGTON,1602,,2007,1,334,74,Active,,,http://www.redfin.com/OR/Portland/3131-NE-7th-Ave-97212/unit-9/home/25745041,RMLS,20231198,N,Y,45.5458947,-122.6588413
MLS Listing,,Single Family Residential,16337 Chapin Way,Lake Oswego,OR,97034,2599000,5,4.5,"Lake Oswego, West Linn",5115,28749,2012,1,508,,Active,,,http://www.redfin.com/OR/Lake-Oswego/16337-Chapin-Way-97034/home/25882085,RMLS,20080418,N,Y,45.405916,-122.6636473
MLS Listing,,Single Family Residential,1945 SE 143rd Ave,Portland,OR,97233,318999,3,1.0,Portland Southeast,1200,6969,1952,1,266,,Active,,,http://www.redfin.com/OR/Portland/1945-SE-143rd-Ave-97233/home/25769108,RMLS,20370593,N,Y,45.5090249,-122.515754
MLS Listing,,Townhouse,16925 SW Monterey Ln,King City,OR,97224,319500,2,2.0,GARDEN VILLA,1196,3484,1970,1,267,195,Active,,,http://www.redfin.com/OR/King-City/16925-SW-Monterey-Ln-97224/home/26559118,RMLS,20003095,N,Y,45.3973963,-122.8077315
MLS Listing,,Single Family Residential,31108 SW Paulina Ct,Wilsonville,OR,97070,525000,4,2.5,Rivergreen,2240,7840,1990,1,234,9,Active,,,http://www.redfin.com/OR/Wilsonville/31108-SW-Paulina-Ct-97070/home/26074566,RMLS,20416566,N,Y,45.2947627,-122.7950918
MLS Listing,,Single Family Residential,615 SE 32nd Ave,Hillsboro,OR,97123,409000,3,2.5,"Hillsboro, Forest Grove",1885,6969,1991,1,217,,Active,,,http://www.redfin.com/OR/Hillsboro/615-SE-32nd-Ave-97123/home/25864292,RMLS,20039087,N,Y,45.5159771,-122.9500325
MLS Listing,,Single Family Residential,7650 SW Erica Pl,Beaverton,OR,97008,429000,3,2.0,"Beaverton, Aloha",1378,8276,1977,1,311,,Active,,,http://www.redfin.com/OR/Beaverton/7650-SW-Erica-Pl-97008/home/25735250,RMLS,20131599,N,Y,45.4646683,-122.8086841
MLS Listing,,Single Family Residential,8327 SE Clatsop St,Portland,OR,97266,425000,2,1.5,Portland Southeast,1636,12196,1910,1,260,,Active,,,http://www.redfin.com/OR/Portland/8327-SE-Clatsop-St-97266/home/25761854,RMLS,20140669,N,Y,45.46169,-122.5772165
MLS Listing,,Single Family Residential,5110 NE 72nd Ave,Portland,OR,97218,385000,3,1.0,Portland Northeast,1346,7405,1942,1,286,,Active,,,http://www.redfin.com/OR/Portland/5110-NE-72nd-Ave-97218/home/26306956,RMLS,20013059,N,Y,45.5598108,-122.5886731
MLS Listing,,Single Family Residential,2530 Lorinda Ct,West Linn,OR,97068,1799000,6,6.0,LE CHEVALIER,8865,20908,2002,1,203,192,Active,,,http://www.redfin.com/OR/West-Linn/2530-Lorinda-Ct-97068/home/25817719,RMLS,20223643,N,Y,45.3580889,-122.6397969
MLS Listing,,Single Family Residential,7085 SW 175th Ave,Aloha,OR,97007,390000,3,2.0,BERRY HILL,1135,5227,1985,1,344,,Active,,,http://www.redfin.com/OR/Aloha/7085-SW-175th-Ave-97007/home/25840672,RMLS,20637253,N,Y,45.4686287,-122.8580647
MLS Listing,,Single Family Residential,7324 N Greeley Ave,Portland,OR,97217,539000,4,2.0,ARBOR LODGE,1736,4791,1967,1,310,,Active,August-23-2020 12:00 PM,August-23-2020 02:00 PM,http://www.redfin.com/OR/Portland/7324-N-Greeley-Ave-97217/home/26594532,RMLS,20419497,N,Y,45.5763473,-122.695169
MLS Listing,,Single Family Residential,5237 Washington Ct,Lake Oswego,OR,97035,519900,3,2.0,LAKE FOREST,1352,9583,1987,1,385,,Active,,,http://www.redfin.com/OR/Lake-Oswego/5237-Washington-Ct-97035/home/26062860,RMLS,20351328,N,Y,45.4044371,-122.7309195
MLS Listing,,Townhouse,2830 NE Blossom Hill Rd,Fairview,OR,97024,289900,3,3.0,FAIRVIEW TERRACE,1806,1742,2007,1,161,354,Active,,,http://www.redfin.com/OR/Fairview/2830-NE-Blossom-Hill-Rd-97024/home/26634884,RMLS,20383642,N,Y,45.5433668,-122.4417774
MLS Listing,,Single Family Residential,762 D Ave,Lake Oswego,OR,97034,640000,2,2.0,"FIRST ADDITION, 1ST ADDITION",1358,6098,1960,1,471,,Active,,,http://www.redfin.com/OR/Lake-Oswego/762-D-Ave-97034/home/25992564,RMLS,20346267,N,Y,45.4239309,-122.6717198
MLS Listing,,Single Family Residential,S Palatine Hill Rd,Portland,OR,97219,2495000,4,6.0,Dunthorpe,4565,,1962,1,547,,Active,,,http://www.redfin.com/OR/Portland/S-Palatine-Hill-Rd-97219/home/172757686,RMLS,20161196,N,Y,45.443716,-122.668926
MLS Listing,,Multi-Family (2-4 Unit),610 NW Fariss Rd,Gresham,OR,97030,689000,7,21.0,"Gresham, Sandy, Troutdale, Corbett",4254,,1996,1,162,,Active,,,http://www.redfin.com/OR/Gresham/610-NW-Fariss-Rd-97030/home/25890460,RMLS,20669533,N,Y,45.5113059,-122.4382503
MLS Listing,,Single Family Residential,11411 SE Wood Ave,Milwaukie,OR,97222,449000,3,2.0,"Milwaukie, Gladstone, Happy Valley, Clckmas, Dmscus, Estacada",1750,31798,1938,1,257,,Active,,,http://www.redfin.com/OR/Milwaukie/11411-SE-Wood-Ave-97222/home/25938730,RMLS,20485202,N,Y,45.4404286,-122.6094119
MLS Listing,,Single Family Residential,16502 SE Market St,Portland,OR,97233,375000,3,1.0,Portland Southeast,1188,7405,1955,1,316,,Active,,,http://www.redfin.com/OR/Portland/16502-SE-Market-St-97233/home/26577204,RMLS,20020684,N,Y,45.5121122,-122.493662
MLS Listing,,Single Family Residential,22795 SW 94th Ter,Tualatin,OR,97062,425000,3,2.5,"Tigard, Tualatin, Sherwood, Wilsonville",1653,4356,1995,1,257,,Active,,,http://www.redfin.com/OR/Tualatin/22795-SW-94th-Ter-97062/home/26697824,RMLS,20302336,N,Y,45.3549898,-122.7744112
MLS Listing,,Single Family Residential,3207 SW Huber St,Portland,OR,97219,490000,3,2.0,"Portland West, Raleigh Hills",1660,19602,1992,1,295,,Active,,,http://www.redfin.com/OR/Portland/3207-SW-Huber-St-97219/home/26465321,RMLS,20116455,N,Y,45.4522266,-122.7097416
MLS Listing,,Single Family Residential,5140 SW 43rd Ave,Portland,OR,97221,329000,2,1.0,"Portland West, Raleigh Hills",630,1306,2015,1,522,,Active,,,http://www.redfin.com/OR/Portland/5140-SW-43rd-Ave-97221/home/26432196,RMLS,20001639,N,Y,45.4860259,-122.7210895
MLS Listing,,Single Family Residential,2923 SW 40th St,Gresham,OR,97080,525000,4,2.5,Brookside,2846,5662,2014,1,184,36,Active,,,http://www.redfin.com/OR/Gresham/2923-SW-40th-St-97080/home/49682411,RMLS,20630249,N,Y,45.4698024,-122.4607804
MLS Listing,,Single Family Residential,4345 SE 1st Ter,Gresham,OR,97080,439900,4,3.0,"Gresham, Sandy, Troutdale, Corbett",2129,6969,1996,1,207,,Active,,,http://www.redfin.com/OR/Gresham/4345-SE-1st-Ter-97080/home/26306624,RMLS,20676913,N,Y,45.4964824,-122.3881247
MLS Listing,,Townhouse,8145 SW Seneca St,Tualatin,OR,97062,599900,3,2.5,"Tigard, Tualatin, Sherwood, Wilsonville",2838,1306,1996,1,211,300,Active,,,http://www.redfin.com/OR/Tualatin/8145-SW-Seneca-St-97062/home/26685657,RMLS,20359709,N,Y,45.3837683,-122.7607689
MLS Listing,,Condo/Co-op,2069 NW Village Cir,Portland,OR,97229,545000,2,2.5,"Portland West, Raleigh Hills",2304,,2005,1,237,300,Active,,,http://www.redfin.com/OR/Portland/2069-NW-Village-Cir-97229/unit-17/home/26582558,RMLS,20463428,N,Y,45.5373568,-122.7813621
MLS Listing,,Single Family Residential,8339 SE Bush St,Portland,OR,97266,339900,2,2.0,Portland Southeast,2162,4356,1931,1,157,,Active,,,http://www.redfin.com/OR/Portland/8339-SE-Bush-St-97266/home/25738560,RMLS,20247734,N,Y,45.4949787,-122.5768875
MLS Listing,,Single Family Residential,10255 SE 96th Ave,Happy Valley,OR,97086,949900,6,4.0,"Milwaukie, Gladstone, Happy Valley, Clckmas, Dmscus, Estacada",4200,35719,1959,1,226,,Active,,,http://www.redfin.com/OR/Happy-Valley/10255-SE-96th-Ave-97086/home/25983596,RMLS,20228096,N,Y,45.4485937,-122.5647755
MLS Listing,,Mobile/Manufactured Home,17930 SW Seiffert Rd,Sherwood,OR,97140,1250000,3,2.0,"Tigard, Tualatin, Sherwood, Wilsonville",1296,1236232,2019,1,965,,Active,,,http://www.redfin.com/OR/Sherwood/17930-SW-Seiffert-Rd-97140/home/170067145,RMLS,20640692,N,Y,45.389,-122.927638
MLS Listing,,Single Family Residential,20439 SW Marimar St,Beaverton,OR,97078,359000,3,2.5,"Beaverton, Aloha",1568,3049,2005,1,229,63,Active,August-22-2020 11:00 AM,August-22-2020 01:00 PM,http://www.redfin.com/OR/Beaverton/20439-SW-Marimar-St-97007/home/26665515,RMLS,20149892,N,Y,45.4745325,-122.8886867
MLS Listing,,Vacant Land,3006 SE 90th Pl N,Portland,OR,97266,300000,,,Portland Southeast,,10890,,1,,,Active,,,http://www.redfin.com/OR/Portland/3006-SE-90th-Pl-97266/home/26416911,RMLS,20339570,N,Y,45.5002926,-122.5695282
MLS Listing,,Condo/Co-op,111 SW Harrison St Unit 8D,Portland,OR,97201,344000,2,2.0,"Portland West, Raleigh Hills",957,,1965,1,359,580,Active,,,http://www.redfin.com/OR/Portland/111-SW-Harrison-St-97201/unit-8D/home/26447820,RMLS,20302345,N,Y,45.5103895,-122.6782231
MLS Listing,,Single Family Residential,4789 SE Jackson St,Milwaukie,OR,97222,349950,3,1.0,"Milwaukie, Gladstone, Happy Valley, Clckmas, Dmscus, Estacada",1347,7405,1945,1,260,,Active,,,http://www.redfin.com/OR/Milwaukie/4789-SE-Jackson-St-97222/home/26022052,RMLS,20639622,N,Y,45.4460363,-122.6135478
MLS Listing,,Single Family Residential,1332 NE 47th Ave,Portland,OR,97213,599900,5,1.5,Hollywood|Euclid Heights,2854,4791,1923,1,210,,Active,,,http://www.redfin.com/OR/Portland/1332-NE-47th-Ave-97213/home/26509131,RMLS,20631393,N,Y,45.5326426,-122.6147412
MLS Listing,,Single Family Residential,15635 NW Hackney Dr,Portland,OR,97229,575000,4,3.0,Bethany Meadows,2304,6969,1997,1,250,,Active,,,http://www.redfin.com/OR/Portland/15635-NW-Hackney-Dr-97229/home/26704969,RMLS,20179334,N,Y,45.5594177,-122.8381588
MLS Listing,,Single Family Residential,4085 SW 175th Ave,Beaverton,OR,97007,375000,2,1.0,"Beaverton, Aloha",816,20037,1954,1,460,,Active,,,http://www.redfin.com/OR/Beaverton/4085-SW-175th-Ave-97007/home/26725839,RMLS,20165537,N,Y,45.4902474,-122.8578341
MLS Listing,,Single Family Residential,7153 SE Alberta St,Portland,OR,97206,379900,3,2.5,"Milwaukie, Gladstone, Happy Valley, Clckmas, Dmscus, Estacada",1522,,2020,1,250,,Active,,,http://www.redfin.com/OR/Portland/7153-SE-Alberta-Ave-97206/home/172756055,RMLS,20300214,N,Y,45.4585694,-122.5900053
MLS Listing,,Single Family Residential,7145 SE Alberta St,Portland,OR,97206,379900,3,2.5,"Milwaukie, Gladstone, Happy Valley, Clckmas, Dmscus, Estacada",1522,,2020,1,250,,Active,,,http://www.redfin.com/OR/Portland/7145-SE-Alberta-Ave-97206/home/172756044,RMLS,20496759,N,Y,45.4585707,-122.5901082
MLS Listing,,Single Family Residential,7133 SE Alberta St,Portland,OR,97206,379900,3,1.5,"Milwaukie, Gladstone, Happy Valley, Clckmas, Dmscus, Estacada",1522,,2020,1,250,,Active,,,http://www.redfin.com/OR/Portland/7133-SE-Alberta-Ave-97206/home/172756004,RMLS,20462847,N,Y,45.4585727,-122.5902626
MLS Listing,,Single Family Residential,7177 SE Alberta St,Portland,OR,97206,379900,3,2.5,Portland Southeast,1522,,2020,1,250,,Active,,,http://www.redfin.com/OR/Portland/7177-SE-Alberta-Ave-97206/home/172755992,RMLS,20424759,N,Y,45.4585655,-122.5896965
MLS Listing,,Single Family Residential,13924 SE Rhone St,Portland,OR,97236,338950,3,2.0,Portland Southeast,1400,6098,1999,1,242,,Active,August-21-2020 04:00 PM,August-21-2020 06:00 PM,http://www.redfin.com/OR/Portland/13924-SE-Rhone-St-97236/home/26535593,RMLS,20656757,N,Y,45.4956098,-122.5199926
MLS Listing,,Single Family Residential,605 Mount Hood St,Oregon City,OR,97045,279950,1,1.0,BARCLAY HILLS Area,832,5227,1946,1,336,,Active,,,http://www.redfin.com/OR/Oregon-City/605-Mt-Hood-St-97045/home/26011666,RMLS,20262811,N,Y,45.3447277,-122.594347
MLS Listing,,Condo/Co-op,1811 NW Couch St #301,Portland,OR,97209,319000,1,1.0,NW DISTRICT,739,,1915,1,432,400,Active,,,http://www.redfin.com/OR/Portland/1811-NW-Couch-St-97209/unit-301/home/26595421,RMLS,20100213,N,Y,45.5237715,-122.6894827
MLS Listing,,Single Family Residential,2854 SE Cornutt St,Hillsboro,OR,97123,435000,4,2.5,Cornutt's Memory,2133,8712,1979,1,204,,Active,,,http://www.redfin.com/OR/Hillsboro/2854-SE-Cornutt-St-97123/home/26689646,RMLS,20090084,N,Y,45.5154032,-122.9537093
MLS Listing,,Single Family Residential,340 NW 338th Ave,Hillsboro,OR,97124,423900,3,2.0,Unincorporated Washington Co,1456,16117,1964,2,291,,Active,,,http://www.redfin.com/OR/Hillsboro/340-NW-338th-Ave-97124/home/26573015,RMLS,20539518,N,Y,45.5225418,-123.0244953
MLS Listing,,Mobile/Manufactured Home,100 SW 195th Ave #51,Beaverton,OR,97006,125000,3,2.0,"Beaverton, Aloha",1782,,1980,2,70,,Active,,,http://www.redfin.com/OR/Beaverton/100-SW-195th-Ave-97006/unit-51/home/25820633,RMLS,20372665,N,Y,45.5194239,-122.8817939
MLS Listing,,Single Family Residential,3133 SW Upper Dr,Portland,OR,97201,700000,3,2.5,"PORTLAND HEIGHTS, WEST HILLS",2600,32234,1912,2,269,,Active,August-22-2020 01:00 PM,August-22-2020 03:00 PM,http://www.redfin.com/OR/Portland/3133-SW-Upper-Dr-97201/home/26329904,RMLS,20008473,N,Y,45.5066887,-122.7092231
MLS Listing,,Single Family Residential,13600 Goodall Rd,Lake Oswego,OR,97034,2460000,6,6.5,"Lake Oswego, West Linn",6612,28749,2013,2,372,,Active,,,http://www.redfin.com/OR/Lake-Oswego/13600-Goodall-Rd-97034/home/52542160,RMLS,20075491,N,Y,45.4273795,-122.6967072
MLS Listing,,Single Family Residential,3606 SW Nevada St,Portland,OR,97219,599900,4,2.0,Multnomah,1749,4791,1973,2,343,,Active,August-23-2020 11:00 AM,August-23-2020 01:00 PM,http://www.redfin.com/OR/Portland/3606-S-Nevada-St-97219/home/25780361,RMLS,20594231,N,Y,45.4733498,-122.7144098
MLS Listing,,Single Family Residential,8621 SW Herzog Ln,Portland,OR,97223,829900,5,4.0,Piper Ridge,3454,,2021,2,240,30,Active,,,http://www.redfin.com/OR/Tigard/8621-SW-Herzog-LN-97223/home/172753192,RMLS,20495331,N,Y,45.465344,-122.765419
MLS Listing,,Single Family Residential,1438 NE 19th St,Gresham,OR,97030,254900,3,2.0,"Gresham, Sandy, Troutdale, Corbett",1184,6969,1973,2,215,,Active,,,http://www.redfin.com/OR/Gresham/1438-NE-19th-St-97030/home/26504606,RMLS,20163558,N,Y,45.5104068,-122.4175099
MLS Listing,,Single Family Residential,3008 NE 14th Ave,Portland,OR,97212,995000,4,2.5,IRVINGTON,4045,4791,1917,2,246,,Active,,,http://www.redfin.com/OR/Portland/3008-NE-14th-Ave-97212/home/26544394,RMLS,20682542,N,Y,45.5445143,-122.6511299
MLS Listing,,Single Family Residential,6300 SE 120th Ave,Portland,OR,97266,395000,3,2.0,Powellhurst- Gilbert,2001,15245,1953,2,197,,Active,,,http://www.redfin.com/OR/Portland/6300-SE-120th-Ave-97266/home/26548791,RMLS,20400939,N,Y,45.4772684,-122.5395607
MLS Listing,,Single Family Residential,10550 SE 162nd Ave,Happy Valley,OR,97086,465000,3,2.0,"Milwaukie, Gladstone, Happy Valley, Clckmas, Dmscus, Estacada",1765,,2020,2,263,81,Active,August-23-2020 11:00 AM,August-23-2020 01:00 PM,http://www.redfin.com/OR/Portland/10550-SE-162nd-Ave-97086/home/171221504,RMLS,20478079,N,Y,45.4558183,-122.496771
MLS Listing,,Single Family Residential,19767 SW Marlin Dr,Beaverton,OR,97078,539900,4,3.0,"Beaverton, Aloha",2408,,2020,2,224,,Active,August-22-2020 11:00 AM,August-22-2020 02:00 PM,http://www.redfin.com/OR/Beaverton/19767-SW-Marlin-Dr-97007/home/171367508,RMLS,20568666,N,Y,45.4688062,-122.8808716
MLS Listing,,Single Family Residential,19532 SW Sharoaks Dr,Aloha,OR,97003,365900,3,2.0,"Beaverton, Aloha",1134,6969,1978,2,323,,Active,,,http://www.redfin.com/OR/Aloha/19532-SW-Sharoaks-Dr-97006/home/26672607,RMLS,20325844,N,Y,45.4972738,-122.8782288
MLS Listing,,Vacant Land,12384 SW Clara Ln,Portland,OR,97035,250000,,,"Lake Oswego, West Linn",,67953,,2,,,Active,,,http://www.redfin.com/OR/Lake-Oswego/12384-SW-Clara-Ln-97035/home/26433750,RMLS,20442125,N,Y,45.4375607,-122.6996895
MLS Listing,,Unknown,6710 N Greenwich Ave,Portland,OR,97217,950000,,,Portland North,,7405,,2,,,Active,,,http://www.redfin.com/OR/Portland/6710-N-Greenwich-Ave-97217/home/25819740,RMLS,20618025,N,Y,45.5715367,-122.6829495
MLS Listing,,Single Family Residential,2508 NE 13th Ave,Portland,OR,97212,1100000,4,3.0,IRVINGTON,3272,4791,1913,2,336,,Active,August-22-2020 01:00 PM,August-22-2020 03:00 PM,http://www.redfin.com/OR/Portland/2508-NE-13th-Ave-97212/home/25786128,RMLS,20675638,N,Y,45.5407033,-122.6521503
MLS Listing,,Multi-Family (2-4 Unit),4017 4019 NE Rodney Ave,Portland,OR,97212,899900,4,2.0,Williams / Boise,4012,,1911,2,224,,Active,,,http://www.redfin.com/OR/Portland/4017-4019-NE-Rodney-Ave-97212/home/172752269,RMLS,20243870,N,Y,45.5523529,-122.6649919
MLS Listing,,Single Family Residential,17815 SE Marie St,Portland,OR,97236,329900,3,2.0,Portland Southeast,1344,8712,1974,2,245,,Active,,,http://www.redfin.com/OR/Portland/17815-SE-Marie-St-97236/home/26344506,RMLS,20049425,N,Y,45.4949717,-122.4796186
MLS Listing,,Single Family Residential,3830 SE 180th Pl,Portland,OR,97236,299900,2,1.0,Portland Southeast,1072,9147,1939,2,280,,Active,,,http://www.redfin.com/OR/Portland/3830-SE-180th-Pl-97236/home/26525122,RMLS,20051493,N,Y,45.4947913,-122.4767055
MLS Listing,,Single Family Residential,728 NE Birchwood Dr,Hillsboro,OR,97124,447900,4,2.5,"Hillsboro, Forest Grove",2211,10018,1949,2,203,,Active,,,http://www.redfin.com/OR/Hillsboro/728-NE-Birchwood-Dr-97124/home/26693403,RMLS,20184015,N,Y,45.5259161,-122.9781912
MLS Listing,,Single Family Residential,4828 SW Julia St,Portland,OR,97221,674000,4,2.5,"Portland West, Raleigh Hills",2587,20037,1949,2,261,,Active,,,http://www.redfin.com/OR/Portland/4828-SW-Julia-St-97221/home/26586124,RMLS,20508186,N,Y,45.4877423,-122.7273391
MLS Listing,,Single Family Residential,6130 SW Thomas St,Portland,OR,97221,3900000,6,5.0,BRIDLEMILE / RALEIGH HILLS,8108,142441,1969,2,481,,Active,,,http://www.redfin.com/OR/Portland/6130-SW-Thomas-St-97221/home/26342688,RMLS,20041949,N,Y,45.4939394,-122.7402749
MLS Listing,,Single Family Residential,655 NW Angeline Ave,Gresham,OR,97030,380000,3,2.0,"Gresham, Sandy, Troutdale, Corbett",1863,6098,1946,2,204,,Active,,,http://www.redfin.com/OR/Gresham/655-NW-Angeline-Ave-97030/home/26596960,RMLS,20309941,N,Y,45.5014485,-122.449454
MLS Listing,,Single Family Residential,13730 SE Kanne Rd,Happy Valley,OR,97086,699950,4,3.0,"Milwaukie, Gladstone, Happy Valley, Clckmas, Dmscus, Estacada",3008,22215,1958,2,233,,Active,,,http://www.redfin.com/OR/Happy-Valley/13730-SE-Kanne-Rd-97086/home/25769300,RMLS,20573170,N,Y,45.4568442,-122.5220151
MLS Listing,,Single Family Residential,10114 SW Copperleaf Ln,Tigard,OR,97224,707479,4,2.5,"Ridgecrest, Lot 4",3105,,2020,2,228,86,Active,,,http://www.redfin.com/OR/Tigard/10114-SW-Copperleaf-Ln-97224/home/172750969,RMLS,20390572,N,Y,45.4169289,-122.7822653
MLS Listing,,Vacant Land,8866 SW 190th Ave,Beaverton,OR,97007,474990,0,,Beaverton,,40946,,2,,,Active,,,http://www.redfin.com/OR/Beaverton/8866-SW-190th-Ave-97007/home/172750945,MLSCO,220107266,N,Y,45.4558785,-122.8718455
MLS Listing,,Single Family Residential,2679 Glen Eagles Rd,Lake Oswego,OR,97034,739000,3,3.0,"Lake Oswego, West Linn",2378,10454,1954,2,311,,Active,,,http://www.redfin.com/OR/Lake-Oswego/2679-Glen-Eagles-Rd-97034/home/25761690,RMLS,20482072,N,Y,45.4162899,-122.7039521
MLS Listing,,Single Family Residential,3607 N Kerby Ave,Portland,OR,97227,985000,4,3.5,Portland North,3535,4791,1908,2,279,,Active,August-22-2020 12:00 PM,August-22-2020 02:00 PM,http://www.redfin.com/OR/Portland/3607-N-Kerby-Ave-97227/home/26400694,RMLS,20404729,N,Y,45.5489795,-122.6726082
MLS Listing,,Single Family Residential,6336 SE Cedarcrest Dr,Portland,OR,97222,389500,5,2.5,Cedarcrest,2408,6969,1963,2,162,,Active,,,http://www.redfin.com/OR/Milwaukie/6336-SE-Cedarcrest-Dr-97222/home/25989291,RMLS,20662146,N,Y,45.4330447,-122.5974027
MLS Listing,,Single Family Residential,622 SE Peacock Ln,Portland,OR,97214,649000,3,2.0,SUNNYSIDE / BELMONT,2058,3920,1924,2,315,,Active,,,http://www.redfin.com/OR/Portland/622-SE-Peacock-Ln-97214/home/26583268,RMLS,20585553,N,Y,45.5182132,-122.6214777
MLS Listing,,Single Family Residential,3615 SW Hillside Dr,Portland,OR,97221,1250000,4,4.0,"Portland West, Raleigh Hills",3697,5227,2016,2,338,,Active,August-22-2020 11:00 AM,August-22-2020 02:00 PM,http://www.redfin.com/OR/Portland/3615-SW-Hillside-Dr-97221/home/65636321,RMLS,20519419,N,Y,45.4996244,-122.7147793
MLS Listing,,Single Family Residential,27 Berwick Rd,Lake Oswego,OR,97034,1100000,5,3.0,"Lake Oswego, West Linn",2968,10454,1953,2,371,,Active,,,http://www.redfin.com/OR/Lake-Oswego/27-Berwick-Rd-97034/home/26009118,RMLS,20563419,N,Y,45.4171377,-122.6760246
MLS Listing,,Unknown,6925 SE Hogan Rd,Gresham,OR,97080,499999,,,"Gresham, Sandy, Troutdale, Corbett",,193406,,2,,,Active,,,http://www.redfin.com/OR/Gresham/6925-SE-Hogan-Rd-97080/home/26592674,RMLS,20074320,N,Y,45.47275,-122.4151349
MLS Listing,,Condo/Co-op,4306 SW Dickinson St,Portland,OR,97219,215000,2,1.0,FRANCISCAN CONDOMINIUMS,921,,1973,2,233,496,Active,August-22-2020 12:00 PM,August-22-2020 02:00 PM,http://www.redfin.com/OR/Portland/4306-SW-Dickinson-St-97219/unit-14/home/26551146,RMLS,20237109,N,Y,45.4469814,-122.7207208
MLS Listing,,Condo/Co-op,9831 SE Talbert St,Clackamas,OR,97015,179000,1,1.0,Building J,767,,1988,2,233,219,Active,,,http://www.redfin.com/OR/Clackamas/9831-SE-Talbert-St-97015/home/25819167,RMLS,20190630,N,Y,45.427943,-122.56217
MLS Listing,,Condo/Co-op,2336 SW Osage St #204,Portland,OR,97205,415000,2,1.0,The Envoy,891,,1929,2,466,872,Active,,,http://www.redfin.com/OR/Portland/2336-SW-Osage-St-97205/unit-204/home/26603291,RMLS,20255041,N,Y,45.5230304,-122.7000427
MLS Listing,,Vacant Land,17616 NE Portland St,Gresham,OR,97030,890000,,,Portland Northeast,,61419,,2,,,Active,,,http://www.redfin.com/OR/Gresham/17616-NE-Portland-ST-97030/home/172748907,RMLS,20428808,N,Y,45.526051,-122.48144
MLS Listing,,Single Family Residential,11085 SW Polsky Rd,Beaverton,OR,97005,479000,4,2.0,"Beaverton, Aloha",1680,9583,1940,2,285,,Active,,,http://www.redfin.com/OR/Beaverton/11085-SW-Polsky-Rd-97005/home/25867470,RMLS,20272798,N,Y,45.4970492,-122.7903299
MLS Listing,,Single Family Residential,6141 SE Duke St,Portland,OR,97035,530000,2,1.0,WOODSTOCK,1670,12632,1950,2,317,,Active,,,http://www.redfin.com/OR/Portland/6141-SE-Duke-St-97206/home/26468376,RMLS,20079093,N,Y,45.4760405,-122.599933
MLS Listing,,Single Family Residential,14275 SE Harold St,Portland,OR,97236,435000,4,2.5,POWELLHURST - GILBERT,2350,3049,2014,2,185,,Active,,,http://www.redfin.com/OR/Portland/14275-SE-Harold-St-97236/home/49681636,RMLS,20250641,N,Y,45.4832439,-122.5160367
MLS Listing,,Single Family Residential,13745 Cameo Ct,Lake Oswego,OR,97034,999500,4,4.0,"Lake Oswego, West Linn",2846,11761,1967,2,351,,Active,August-22-2020 12:00 PM,August-22-2020 02:00 PM,http://www.redfin.com/OR/Lake-Oswego/13745-Cameo-Ct-97034/home/25904978,RMLS,20202130,N,Y,45.4252624,-122.692908
MLS Listing,,Single Family Residential,3945 SW Pendleton St,Portland,OR,97221,709900,4,3.0,HAYHURST,2523,6098,1959,2,281,,Active,,,http://www.redfin.com/OR/Portland/3945-S-Pendleton-St-97221/home/26301545,RMLS,20139162,N,Y,45.4811514,-122.7174849
MLS Listing,,Single Family Residential,808 SE Umatilla St,Portland,OR,97202,549900,3,1.0,Sellwood,1534,4791,1959,2,358,,Active,,,http://www.redfin.com/OR/Portland/808-SE-Umatilla-St-97202/home/26402438,RMLS,20397335,N,Y,45.4627562,-122.6575917
MLS Listing,,Single Family Residential,8681 NE Alder St,Hillsboro,OR,97006,444900,4,2.5,"Hillsboro, Forest Grove",1915,5227,1996,2,232,8,Active,,,http://www.redfin.com/OR/Hillsboro/8681-NE-Alder-St-97006/home/26670674,RMLS,20412640,N,Y,45.53052,-122.89008
MLS Listing,,Single Family Residential,16710 NE Pacific Dr,Portland,OR,97230,449000,5,3.5,WILKES EAST,2138,8276,1969,2,210,,Active,,,http://www.redfin.com/OR/Portland/16710-NE-Pacific-Dr-97230/home/26531221,RMLS,20174322,N,Y,45.5295278,-122.490882
MLS Listing,,Single Family Residential,851 SW 171st Ave,Beaverton,OR,97006,417500,3,2.5,"Beaverton, Aloha",1691,5662,1988,2,247,,Active,,,http://www.redfin.com/OR/Beaverton/851-SW-171st-Ave-97006/home/26718400,RMLS,20127735,N,Y,45.5137201,-122.8532944
MLS Listing,,Single Family Residential,2105 SW 14th Dr,Gresham,OR,97080,474950,6,2.0,Gresham Butte,2328,14374,1973,2,204,,Active,,,http://www.redfin.com/OR/Gresham/2105-SW-14th-Dr-97080/home/26344637,RMLS,20027680,N,Y,45.4869181,-122.4528507
MLS Listing,,Single Family Residential,1015 SE 94th Ave,Portland,OR,97216,379900,3,2.5,Portland Southeast,1415,3049,2003,2,268,,Active,,,http://www.redfin.com/OR/Portland/1015-SE-94th-Ave-97216/home/26439690,RMLS,20215227,N,Y,45.5155984,-122.566441
MLS Listing,,Single Family Residential,452 SE Cesar E Chavez Blvd,Portland,OR,97214,629950,3,2.5,LAURELHURST,2637,6098,1924,2,239,,Active,,,http://www.redfin.com/OR/Portland/452-SE-Cesar-Estrada-Chavez-Blvd-97214/home/26470545,RMLS,20023168,N,Y,45.5194754,-122.6226685
MLS Listing,,Condo/Co-op,1900 S River Dr Unit N402,Portland,OR,97201,1375000,2,2.5,"STRAND, RIVERPLACE WATERFRONT",2007,,2006,2,685,1083,Active,,,http://www.redfin.com/OR/Portland/1900-S-River-Dr-97201/unit-N402/home/26666742,RMLS,20588155,N,Y,45.508342,-122.673246
MLS Listing,,Single Family Residential,16520 SE Crest Ct,Portland,OR,97236,524900,5,2.5,Portland Southeast,2945,9147,2005,2,178,16,Active,,,http://www.redfin.com/OR/Portland/16520-SE-Crest-Ct-97236/home/26348840,RMLS,20142668,N,Y,45.4864901,-122.4932499
MLS Listing,,Single Family Residential,16639 NW Trillium St Lot 139,Portland,OR,97229,749950,5,3.0,HIGHLANDS AT NORTH BETHANY,2721,,2020,2,276,84,Active,,,http://www.redfin.com/OR/Portland/16639-NW-Trillium-St-97229/unit-139/home/172519399,RMLS,20128349,N,Y,45.5756678,-122.8494517
MLS Listing,,Condo/Co-op,7282 NE Stoneybrook St,Hillsboro,OR,97124,338000,2,2.5,"Hillsboro, Forest Grove",1197,,2007,2,282,247,Active,August-22-2020 12:00 PM,August-22-2020 02:00 PM,http://www.redfin.com/OR/Hillsboro/7282-NE-Stoneybrook-St-97124/home/26671622,RMLS,20684013,N,Y,45.528389,-122.904012
MLS Listing,,Single Family Residential,13888 Goodall Rd,Lake Oswego,OR,97034,1738000,4,3.5,FOREST HIGHLANDS,4435,14374,2013,2,392,,Active,,,http://www.redfin.com/OR/Lake-Oswego/13888-Goodall-Rd-97034/home/65668660,RMLS,20016385,N,Y,45.4264957,-122.6964575
MLS Listing,,Single Family Residential,10 SE 151st Ave,Portland,OR,97233,349000,3,1.5,Portland Southeast,1638,12632,1966,2,213,,Active,,,http://www.redfin.com/OR/Portland/10-SE-151st-Ave-97233/home/25845738,RMLS,20040754,N,Y,45.5220131,-122.5077108
MLS Listing,,Single Family Residential,17011 NE Everett St,Portland,OR,97230,349900,4,2.0,Portland Northeast,1388,9147,1984,2,252,,Active,,,http://www.redfin.com/OR/Portland/17011-NE-Everett-St-97230/home/26304227,RMLS,20681078,N,Y,45.5250854,-122.4873968
MLS Listing,,Vacant Land,5038 NE Mason St,Portland,OR,97218,425000,,,Portland Northeast,,10018,,2,,,Active,,,http://www.redfin.com/OR/Portland/5038-NE-Mason-St-97218/home/26385674,RMLS,20162792,N,Y,45.5521383,-122.610615
MLS Listing,,Vacant Land,5124 NE Mason St,Portland,OR,97218,425000,,,Portland Northeast,,10018,,2,,,Active,,,http://www.redfin.com/OR/Portland/5124-NE-Mason-St-97218/home/26313644,RMLS,20046207,N,Y,45.552112,-122.610084
MLS Listing,,Single Family Residential,4390 SW 189th Ct,Aloha,OR,97078,345000,3,2.0,"Beaverton, Aloha",1200,7405,1972,2,288,,Active,,,http://www.redfin.com/OR/ALOHA/4390-SW-189TH-CT-97078/home/26631572,RMLS,20043937,N,Y,45.487985,-122.871949
MLS Listing,,Single Family Residential,7321 NE 8th Ave,Portland,OR,97211,662000,4,2.5,WOODLAWN,2782,4356,2010,2,238,,Active,,,http://www.redfin.com/OR/Portland/7321-NE-8th-Ave-97211/unit-A/home/35655490,RMLS,20030410,N,Y,45.5760943,-122.6570521
MLS Listing,,Single Family Residential,7617 N Mckenna Ave,Portland,OR,97203,584900,4,2.5,PORTSMOUTH NEIGHBORHOOD,2790,4356,1926,2,210,,Active,,,http://www.redfin.com/OR/Portland/7617-N-McKenna-Ave-97203/home/26509296,RMLS,20481182,N,Y,45.5846783,-122.7280451
MLS Listing,,Single Family Residential,1585 NE Gardiner Dr,Estacada,OR,97023,441500,3,2.0,CASCADIA RIDGE,1840,7840,2014,2,240,,Active,,,http://www.redfin.com/OR/Estacada/1585-NE-Gardiner-Dr-97023/home/52541981,RMLS,20471146,N,Y,45.3032407,-122.3252781
MLS Listing,,Single Family Residential,5517 SE Railroad Ave,Milwaukie,OR,97222,489000,3,2.0,"Milwaukie, Gladstone, Happy Valley, Clckmas, Dmscus, Estacada",2584,45302,1920,2,189,,Active,,,http://www.redfin.com/OR/Milwaukie/5517-SE-Railroad-Ave-97222/home/26022068,RMLS,20595761,N,Y,45.4352312,-122.6062076
MLS Listing,,Single Family Residential,11943 SE Holgate Blvd,Portland,OR,97266,369900,4,2.5,Portland Southeast,1486,,2006,3,249,25,Active,,,http://www.redfin.com/OR/Portland/11943-SE-Holgate-Blvd-97266/home/28541268,RMLS,20299927,N,Y,45.489787,-122.5400406
MLS Listing,,Single Family Residential,4442 NW Ashbrook Dr Lot 206,Portland,OR,97229,819950,5,3.0,THOMPSON WOODS - WHH,3069,4356,2020,3,267,87,Active,,,http://www.redfin.com/OR/Portland/4442-NW-Ashbrook-Dr-97229/unit-206/home/171342880,RMLS,20613707,N,Y,45.5508613,-122.8047838
MLS Listing,,Condo/Co-op,1260 NE Horizon Loop #306,Hillsboro,OR,97124,249900,1,1.0,"Hillsboro, Forest Grove",921,,2000,3,271,241,Active,,,http://www.redfin.com/OR/Hillsboro/1260-NE-Horizon-Loop-97124/unit-306/home/26727335,RMLS,20469606,N,Y,45.5338087,-122.9137372
MLS Listing,,Condo/Co-op,16735 SW Baseline Rd,Beaverton,OR,97006,270000,3,2.5,Baseline Station Condominiums,1584,,2007,3,170,346,Active,,,http://www.redfin.com/OR/Beaverton/16735-SW-Baseline-Rd-97006/home/26650387,RMLS,20454669,N,Y,45.512138,-122.8485959
MLS Listing,,Multi-Family (2-4 Unit),2760 SW 214th Lots 1-4 Ave,Beaverton,OR,97003,1600000,30,40.0,Emerald Court,7488,,2021,3,214,,Active,,,http://www.redfin.com/OR/Beaverton/2760-SW-214th-Ave-97006/home/25818925,RMLS,20277207,N,Y,45.4998911,-122.8963498
MLS Listing,,Condo/Co-op,1221 SW 10th Ave #713,Portland,OR,97205,850000,2,2.0,"Portland West, Raleigh Hills",1487,,2006,3,572,757,Active,,,http://www.redfin.com/OR/Portland/1221-SW-10th-Ave-97205/unit-713/home/26373993,RMLS,20357865,N,Y,45.5167691,-122.6847349
MLS Listing,,Condo/Co-op,1500 SW 11th Ave #1805,Portland,OR,97201,330000,1,1.0,"Portland West, Raleigh Hills",638,,2006,3,517,419,Active,August-23-2020 10:00 AM,August-23-2020 12:00 PM,http://www.redfin.com/OR/Portland/1500-SW-11th-Ave-97201/unit-1805/home/25791564,RMLS,20324783,N,Y,45.5147119,-122.6858812
MLS Listing,,Single Family Residential,875 Boca Ratan Dr,Lake Oswego,OR,97034,749900,5,3.0,Forest Highlands,2502,10018,1970,3,300,,Active,August-23-2020 01:00 PM,August-23-2020 03:00 PM,http://www.redfin.com/OR/Lake-Oswego/875-Boca-Ratan-Dr-97034/home/26058594,RMLS,20118210,N,Y,45.4299281,-122.6809001
MLS Listing,,Single Family Residential,17677 Westview Dr,Lake Oswego,OR,97034,1699000,5,4.5,PALISADES,5531,27007,2003,3,307,,Active,,,http://www.redfin.com/OR/Lake-Oswego/17677-Westview-Dr-97034/home/25804653,RMLS,20081295,N,Y,45.3979039,-122.708556
MLS Listing,,Single Family Residential,15915 SW Thrush Ln,Beaverton,OR,97007,604995,5,3.0,WESTMONT,2740,,2020,3,221,60,Active,,,http://www.redfin.com/OR/Beaverton/15915-SW-Thrush-Ln-97007/home/161340997,RMLS,20211794,N,Y,45.43584,-122.840543
MLS Listing,,Single Family Residential,8605 SW Caiden Ter,Portland,OR,97223,775000,4,3.0,Ash Creek Ridge,3002,4791,2020,3,258,45,Active,,,http://www.redfin.com/OR/Portland/SW-Caiden-Ter-97223/home/170143485,RMLS,20175575,N,Y,45.457497,-122.746572
MLS Listing,,Mobile/Manufactured Home,17012 S Robertson Ln,Oregon City,OR,97045,254500,2,2.0,"Oregon City, Beavercreek, Canby, Molalla, Mulino",896,43560,1969,3,284,,Active,,,http://www.redfin.com/OR/Oregon-City/17012-S-Robertson-Ln-97045/home/25933780,RMLS,20343824,N,Y,45.3493916,-122.5156887
MLS Listing,,Single Family Residential,26 Spinosa,Lake Oswego,OR,97035,495500,3,2.5,Mountain Park,2065,4791,1985,3,240,86,Active,,,http://www.redfin.com/OR/Lake-Oswego/26-Spinosa-97035/home/26557787,RMLS,20204892,N,Y,45.4337556,-122.7292993
MLS Listing,,Condo/Co-op,2221 SW 1st Ave #425,Portland,OR,97201,319000,1,1.0,American Plaza/Grant Tower,1038,,1973,3,307,557,Active,,,http://www.redfin.com/OR/Portland/2221-SW-1st-Ave-97201/unit-425/home/26546997,RMLS,20431308,N,Y,45.5068609,-122.6790273
MLS Listing,,Townhouse,15411 NE Alton St,Portland,OR,97230,299000,3,2.5,Portland Northeast,1554,2613,2003,3,192,35,Active,,,http://www.redfin.com/OR/Portland/15411-NE-Alton-St-97230/home/26643885,RMLS,20621666,N,Y,45.5506741,-122.5034893
MLS Listing,,Townhouse,13544 SW Beach Plum Ter,Sherwood,OR,97140,299000,2,2.0,Cpo b Bull Mtn,1168,1306,2017,3,256,228,Active,August-23-2020 01:00 PM,August-23-2020 03:00 PM,http://www.redfin.com/OR/Sherwood/13544-SW-Beach-Plum-Ter-97140/home/112841391,RMLS,20167167,N,Y,45.4219112,-122.8525957
MLS Listing,,Single Family Residential,721 SE 43rd Ave,Portland,OR,97215,485000,2,1.0,SUNNYSIDE/BELMONT,2173,2613,1910,3,223,,Active,August-22-2020 11:00 AM,August-22-2020 01:00 PM,http://www.redfin.com/OR/Portland/721-SE-43rd-Ave-97215/home/26473428,RMLS,20270381,N,Y,45.5175551,-122.6180136
MLS Listing,,Condo/Co-op,9087 SW Sagert St,Tualatin,OR,97062,325000,3,2.5,"Tigard, Tualatin, Sherwood, Wilsonville",1422,,2001,3,229,200,Active,,,http://www.redfin.com/OR/Tualatin/9087-SW-Sagert-St-97062/home/25775775,RMLS,20231731,N,Y,45.375761,-122.770663
MLS Listing,,Vacant Land,0 SW 14th Dr,Gresham,OR,97080,497950,,,"Gresham, Sandy, Troutdale, Corbett",,205603,,3,,,Active,,,http://www.redfin.com/OR/Gresham/1001-SW-Highland-Dr-97080/home/172743644,RMLS,20180771,N,Y,45.4892191,-122.4767727
MLS Listing,,Mobile/Manufactured Home,13045 SE Stark St #116,Portland,OR,97233,45000,2,2.0,Portland Southeast,1100,,1966,3,41,,Active,,,http://www.redfin.com/OR/Portland/13045-SE-Stark-St-97233/unit-116/home/26389502,RMLS,20486452,N,Y,45.5198683,-122.5286326
MLS Listing,,Mobile/Manufactured Home,16901 SE Division St #98,Portland,OR,97236,49900,3,1.0,Portland Southeast,570,,1966,3,88,,Active,,,http://www.redfin.com/OR/Portland/16901-SE-Division-St-97236/unit-98/home/26433093,RMLS,20463558,N,Y,45.5065433,-122.4894992
MLS Listing,,Single Family Residential,1682 NE Barnes Ln,Gresham,OR,97030,379900,3,2.5,"Gresham, Sandy, Troutdale, Corbett",1666,5227,2001,3,228,,Active,,,http://www.redfin.com/OR/Gresham/1682-NE-Barnes-Ln-97030/home/25750987,RMLS,20253275,N,Y,45.5093288,-122.3928633
MLS Listing,,Townhouse,17124 SE Juliano Ct,Portland,OR,97236,260000,3,2.5,CENTENNIAL COMMUNITY ASSOCIATI,1319,2613,2004,3,197,,Active,,,http://www.redfin.com/OR/Portland/17124-SE-Juliano-Ct-97236/home/26551595,RMLS,20567324,N,Y,45.5031152,-122.4862479
MLS Listing,,Single Family Residential,5672 NE Canard Dr,Hillsboro,OR,97124,410000,3,2.5,"Hillsboro, Forest Grove",1727,2613,2002,3,237,30,Active,,,http://www.redfin.com/OR/Hillsboro/5672-NE-Canard-Dr-97124/home/26712513,RMLS,20392914,N,Y,45.5251064,-122.9240057
MLS Listing,,Townhouse,17309 SW Goldcrest Ln Lot 83,Beaverton,OR,97007,446950,3,2.5,MOUNTAINSIDE HEIGHTS - WHH,1987,2178,2020,4,225,163,Active,August-21-2020 01:00 PM,August-21-2020 04:00 PM,http://www.redfin.com/OR/Beaverton/17309-SW-Goldcrest-Ln-97007/unit-83/home/172741996,RMLS,20597730,N,Y,45.4296671,-122.8550417
MLS Listing,,Single Family Residential,14442 SE Faris St,Happy Valley,OR,97086,819900,5,3.0,"Milwaukie, Gladstone, Happy Valley, Clckmas, Dmscus, Estacada",3702,10018,2014,4,221,75,Active,,,http://www.redfin.com/OR/Happy-Valley/14442-SE-Faris-St-97086/home/44608219,RMLS,20016285,N,Y,45.4297784,-122.5150628
MLS Listing,,Townhouse,12504 SW 171st Ter Lot 55,Beaverton,OR,97007,468950,3,2.5,MOUNTAINSIDE HEIGHTS - WHH,1917,2178,2020,4,245,163,Active,August-21-2020 01:00 PM,August-21-2020 04:00 PM,http://www.redfin.com/OR/Beaverton/12504-SW-171st-Ter-97007/unit-55/home/172741874,RMLS,20271158,N,Y,45.4294391,-122.8526612
MLS Listing,,Single Family Residential,2343 NE 27th Ave,Portland,OR,97212,1320000,4,2.5,Dolph Park/Irvington,3377,4791,1911,4,391,,Active,,,http://www.redfin.com/OR/Portland/2343-NE-27th-Ave-97212/home/26508932,RMLS,20601192,N,Y,45.5396551,-122.6384487
MLS Listing,,Condo/Co-op,4480 SW 96th Ave #6,Beaverton,OR,97005,149999,2,1.0,CAROLLON CONDO,792,,1968,4,189,291,Active,,,http://www.redfin.com/OR/Beaverton/4480-SW-96th-Ave-97005/unit-6/home/25774342,RMLS,20358032,N,Y,45.48764,-122.775669
MLS Listing,,Single Family Residential,17477 SW Forest Hollow St,Beaverton,OR,97007,525000,4,2.5,River Terrace,2229,3484,2017,4,236,140,Active,,,http://www.redfin.com/OR/Beaverton/17477-SW-Forest-Hollow-St-97007/home/112841292,RMLS,20527879,N,Y,45.425626,-122.8566
MLS Listing,,Single Family Residential,10570 SW River Dr,Tigard,OR,97224,489000,3,2.5,"Tigard, Tualatin, Sherwood, Wilsonville",2075,4791,1987,4,236,,Active,,,http://www.redfin.com/OR/Tigard/10570-SW-River-Dr-97224/home/26696622,RMLS,20010374,N,Y,45.3998267,-122.7860525
MLS Listing,,Single Family Residential,5324 N Haight Ave,Portland,OR,97217,614000,3,2.0,Portland North,2046,7405,1927,4,300,,Active,,,http://www.redfin.com/OR/Portland/5324-N-Haight-Ave-97217/home/25852717,RMLS,20100891,N,Y,45.5620757,-122.669763
MLS Listing,,Townhouse,220 NE Village Squire Ave #13,Gresham,OR,97030,259000,3,2.0,"Gresham, Sandy, Troutdale, Corbett",1694,1742,1977,4,153,314,Active,,,http://www.redfin.com/OR/Gresham/220-NE-Village-Squire-Ave-97030/unit-13/home/26583337,RMLS,20509989,N,Y,45.4996787,-122.404253
